TAB,TIMU,DAAN
单选题,250（不含）～350km/h线路轨道质量指数（TQI）管理值III级为（）。,5
单选题,车载式线路检查仪容许偏差管理值车体垂直加速度0.20g为（）级。,Ⅲ
单选题,车载式线路检查仪容许偏差管理值车体水平加速度0.15g为（）级。,Ⅲ
单选题,对轨道几何尺寸Ⅳ级偏差或动力学检测出现横向力、脱轨系数超标，轮重减载率双峰超标处所应立即限速，300～350km/h线路限速不大于（）km/h，200～250km/h线路限速不大于（）km/h。,200160
单选题,高速铁路250（不含）～350km/h正线道岔静态几何尺寸容许偏差管理值水平作业验收标准为（）mm。,2
单选题,高速铁路250（不含）～350km/h正线无砟轨道线路静态几何尺寸容许偏差管理值轨距计划维修值为（）mm。,"(+4,-2)"
单选题,高速铁路250（不含）～350km/h正线无砟轨道线路静态几何尺寸容许偏差管理值轨距为（）mm时需限速不大于200km/h。,"(+6,-4)"
单选题,高速铁路250（不含）～350km/h正线无砟轨道线路静态几何尺寸容许偏差管理值轨距为（）mm时需进行临时补修。,(+5，-3）
单选题,高速铁路250（不含）～350km/h正线无砟轨道线路静态几何尺寸容许偏差管理值三角坑为（）mm时需进行临时补修。,5
单选题,高速铁路250（不含）～350km/h正线无砟轨道线路静态几何尺寸容许偏差管理值三角坑为（）mm时需限速不大于200km/h。,6
单选题,高速铁路250（不含）～350km/h正线无砟轨道线路静态几何尺寸容许偏差管理值三角坑作业验收标准为（）mm。,2
单选题,高速铁路250（不含）～350km/h正线无砟轨道线路静态几何尺寸容许偏差管理值水平计划维修值为（）mm。,4
单选题,高速铁路250（不含）～350km/h正线无砟轨道线路静态几何尺寸容许偏差管理值水平为（）mm时需进行临时补修。,6
单选题,高速铁路250（不含）～350km/h正线无砟轨道线路静态几何尺寸容许偏差管理值水平为（）mm时需限速不大于200km/h。,7
单选题,高速铁路250（不含）～350km/h正线无砟轨道线路静态几何尺寸容许偏差管理值水平作业验收标准为（）mm。,2
单选题,高速铁路区间正线不宜大于（）‰。,20
单选题,线路静态检查周期，动车走行线、到发线几何尺寸检查每（）不少于1遍，重点地段应加强检查，并做好记录。,   季
单选题,以下不属于计划维修基本内容的是（）。,   处理伤损钢轨（含焊缝）和失效胶接绝缘接头
单选题,（）通知驻调度所（驻站）联络员办理开通线路手续。,作业负责人
单选题,钢轨总磨耗量等于垂直磨耗与（）侧面磨耗量相加。,1/2
单选题,250（不含）～350km/h道岔支距计划维修管理值为（）mm。,3
单选题,250（不含）～350km/h道岔支距作业验收管理值为（）mm。,2
单选题,钢轨轨顶面擦伤大于（）mm为轻伤。,0.3
单选题,钢轨轨顶面擦伤大于（）mm为重伤。,1
单选题,Ⅰ级维修负责人由（）担当。,车间主任（副主任）
单选题,拨道作业时线路中心位移一次不得超过（）mm，一侧拨道量年度累计不得大于120mm，并不得侵入限界。,30
单选题,车站、线路所得道岔长期仅开通一个方向使用时，由工务部门对该道岔尖轨和心轨进行紧固，电务部门确认道岔尖轨与心轨密贴状态，同时切断室内外相关转辙机控制电源，车务部门确认进路正确后加锁。工务部门每（）利用天窗时段进行一次检查。,周
单选题,成段更换钢轨或扣件放行列车第一列限速（）km/h，第二列限速80km/h，第三列限速120km/h，第四列起限速160km/h至下次天窗点。,45
单选题,成段更换钢轨时，新、旧长钢轨在线路上存放时应采取可靠的安全措施且存放原则上不得超过（）天。,7
单选题,大型工程机械施工时应按（）设置专人防护，列车接近前应停止作业。,   一机一人
单选题,单根更换钢轨放行列车第一列限速不超过（）km/h，以后恢复常速。,160
单选题,当1h降雨量降至（）mm及以下、且持续30min以上时，可逐步解除限速。,20
单选题,动车组列车在运行途中，司机发现积水高于轨面时，应立即停车并报告列车调度员，确认水面位置。当积水未超过轨面100mm时，司机以随时能够停车速度（最高不超过（）km/h）通过积水地段。,20
单选题,当胶结绝缘接头的轨缝拉开，工务部门必须及时拧紧接头螺栓和前后各（）m扣件螺栓，并做好更换得准备。,50
单选题,当设备发生故障，需在双线区间的一线上道检查、处理设备故障时，本线应封锁、邻线列车限速（）km/h及以下。,160
单选题,《铁路技术管理规程》规定：当无砟轨道区段轨枕板积雪厚度100mm以上时，限速（）及以下。,   200km/h
单选题,《铁路技术管理规程》规定：当运行区段降大雪、暴雪时，有砟轨道区段限速（）km/h及以下。,160
单选题,当运行区段降中雪或积雪覆盖轨枕板或道砟面时，无砟轨道区段限速（）km/h及以下。,250
单选题,道岔查照间隔（心轨工作边至护轨头部外侧的距离）不得小于（）mm。,1391
单选题,道岔岔后到发线连接曲线顺坡率不应大于（）‰。,2
单选题,道岔斥离尖轨非工作边与基本轨工作边的最小距离不小于（）mm与轨距加宽值之和。,65
单选题,道岔的辙叉、尖轨及钢轨伤损更换后不能焊接时，应临时处理并限速，速度不超过（）km/h，并尽快恢复原结构。,160
单选题,道岔平直部分护轨轮缘槽宽度为（）mm，容许误差为－1～+3mm。,42
单选题,道岔平直部分护轨轮缘槽宽度为42mm，容许误差为（）mm。,   -1~+3
单选题,道岔护轨螺栓、可动心轨咽喉和叉后间隔铁螺栓、长心轨和短心轨连接螺栓、钢枕立柱螺栓的同一部位同时有（）根螺栓缺少或折损时，道岔禁止使用。,2
单选题,地震现场采集设备与监控单元间：地震仪外罩外电缆进线端（）mm处为界，该点往外罩侧由工务部门负责维护，往监控单元侧由通信专业负责维护。,100
单选题,动车组列车在环境风速不大于（）m/s时，可以正常速度运行。,15
单选题,对设备的建筑限界由集团公司业务处室组织有关单位每（）年至少检查一次，并由工务、电务、供电、建筑等单位每（）年复量一次。,5，1
单选题,发现牵引供电设备断线及其部件损坏，不得与之接触，应立即通知附近车站，在牵引供电设备检修人员到达未采取措施以前，任何人员均应距已断线索或异物处所（）m以外。,10
单选题,风、雨、雪、异物采集设备与监控单元间：现场轨旁控制箱外电缆进线端（）mm处为界，该点往轨旁控制箱侧由工务部门负责维护，往监控单元侧由通信部门负责维护。,100
单选题,风速监测子系统故障期间，故障区段如遇天气预报（）级及以上大风天气时，工务部门应及时向列车调度员提交天气预报信息。,7
单选题,钢轨折断断缝不大于（）mm时可进行紧急处理。,30
单选题,钢轨折断紧急处理后按不超过（）km/h速度放行列车，且邻线限速不超过160km/h。,45
单选题,钢轨折断临时处理在两锯口间插入同型钢轨，轨端钻孔，安装接头夹板，采用（）级螺栓拧紧，并拧紧两端扣件（）米。,"   10.9,50"
单选题,钢轨钻孔两螺栓孔净距不得小于大孔径的（）倍。,2
单选题,高速铁路250（不含）～350km/h正线无砟轨道线路静态几何尺寸容许偏差管理值轨距作业验收标准为（）mm。,（+1，-1）
单选题,高速铁路的线路平面、纵断面应每（）年至少检查一次，由集团公司工务检测所负责。,5
单选题,高速铁路工务安全规则适用于（）km/h及以上铁路和（）km/h以下仅运行动车组列车的铁路。,200200
单选题,高速铁路固定设备的临时上道检查、故障抢修作业须在（）内登记，并经列车调度员同意后，方可上道作业。,   《行车设备检查登记簿》
单选题,高速铁路技术管理规程适用于（）km/h及以上的铁路和（）km/h以下仅运行动车组列车的铁路。,200200
单选题,高速铁路施工、维修作业天窗结束后，第一趟不可以开行（）的动车组列车。,载客
单选题,高速铁路天窗时间原则上不应少于（）min，且宜采用垂直天窗。,240
单选题,各行车设备管理单位施工作业或遇设备故障、救援抢修等需进入作业门时，作业负责人必须与（）联系确认后，作业人员方准进入作业门。,   驻调度所（驻站）联络员
单选题,各作业单位施工、维修作业完毕后，须及时向驻调度所（驻站）联络员报告办理（）手续。,   销记
单选题,更换钢轨时安装铜导线截面不小于（）mm2。,70
单选题,更换钢轨时铜导线两端用夹具牢固夹持在相邻的（）上。,   轨底
单选题,更换钢轨需拆装扼流变钢轨引线时，拆装作业由（）完成。,电务人员
单选题,更换一股钢轨时，换轨前应连接（）条铜导线。,2
单选题,工程施工须按照批准的（）要求进行，严格执行招投标和监理制度。,   设计文件
单选题,工务部门确认车添乘人员的职责不包括（）。,   确认接触网上无异物或浸入限界
单选题,工务部门使用的临时回流连接线须用截面积不小于（）mm²的软铜线制成，不得出现断股、散股，一经发现立即停用或报废。,70
单选题,有砟道床及轨枕每（）检查不少于1遍，重点地段应加强检查,年
单选题,工务负责联锁道岔转辙部分的轨距及基本轨的移动不超过限度，基本轨不横移，尖轨转动灵活、不偏斜及前后爬行不超过（）mm。,20
单选题,"公里标和半公里标式样应符合规定，安装牢固、可靠。有接触网支柱地段设置在最近的接触网支柱上,标志牌底边距轨面（）m。",3
单选题,故障处理后需要现场看守时，如需在路肩、桥梁作业通道、隧道救援通道看守检查时，应设现场防护员，本线列车限速（）km/h及以下，看守检查人员可在本线一侧路肩、桥梁作业通道、隧道救援通道检查，且不得侵入铁路建筑限界。,160
单选题,故障处理后需要现场看守时，设备管理单位应在《行车设备检查登记簿》内登记，提出（）行车限制条件，并按规定设置防护。,本线及邻线
单选题,滑床板损坏、变形或滑床台磨耗大于（）mm，应及时更换。,3
单选题,基础设施实行天窗修制度，优先采用（）维修模式。,   综合
单选题,基础设施实行天窗修制度应坚持“（）”的原则，实现设备状态修与预防性计划相结合的维方式。,严检慎修
单选题,尖轨尖端至第一牵引点与基本轨或可动心轨尖端至第一牵引点与翼轨间隙大于（）mm，应进行修理或更换。,1
单选题,尖轨相对于基本轨降低值、心轨相对于翼轨降低值偏差超过（）mm，且对行车平稳性有影响，应进行修理或更换。,1
单选题,胶接绝缘接头拉开时，应立即复紧两端各（）m线路的扣件，限速不超过160km/h，并及时进行永久处理。,50
单选题,胶接绝缘接头宜采用现场胶接，胶接绝缘接头与焊接接头间距，正线不应小于（）m。,20
单选题,警冲标的埋设高度为高于轨枕面（）mm。,   300～350
单选题,警冲标应设在两会合线路线间距离为（）m的中间，有曲线时按限界加宽办法加宽。,4
单选题,客专线系列道岔尖轨相对于基本轨允许伸缩位移为（）mm。,   ±40
单选题,客专线系列道岔可动心轨相对于翼轨允许伸缩位移为（）mm。,±20
单选题,邻线来车时，现场防护人员应及时通知作业人员，机具、物料或人员不得在（）放置或停留，并应与列车保持安全距离。,   两线间
单选题,路用列车或施工机械进入施工地段时，应在防护人员显示的停车手信号前停车，再根据的（）要求，按调车办法，进入指定地点。,施工负责人
单选题,精测网应定期复测，复测周期不宜超过（）年。,3
单选题,起道作业两股钢轨同时起道时，一次作业起道量不得超过（）mm，且两股钢轨起道量相差不得超过7mm，否则应通知供电部门调查确认接触网设备调整工作量并配合作业。,30
单选题,起道作业一股钢轨起道时，一次作业起道量不得超过（）mm，否则应通知供电部门调查确认接触网设备调整工作量并配合作业。,7
单选题,抢修作业时，邻线列车接近前，（）通知现场作业负责人停止作业。,   防护人员
单选题,桥梁上一侧拨道量年累计不得大于60mm，且应满足线路中心与桥梁中心的偏差不得大于（）mm。,50
单选题,绕行停留车辆时其距离应不少于（）m，并注意车辆动态和邻线上开来的列车。,5
单选题,任何人员及所携带的物件、作业工器具等必须与牵引供电设备带电部分保持（）m以上的距离，与回流线、架空地线、保护线保持1m以上距离，距离不足时，牵引供电设备必须停电。,2
单选题,伤损标记｜←△△△→｜表示（）。,   连续重伤
单选题,伤损标记↑△△△表示（）。,   一点重伤
单选题,伤损标记｜←△→｜表示（）。,连续轻伤
单选题,伤损标记↑△表示（）。,   一点轻伤
单选题,设备故障处理后的放行列车条件由（）确定。,   作业负责人
单选题,设备管理单位发现风速监测子系统故障时，应立即报告（），并在调度所《行车设备检查登记簿》内登记。,   列车调度员
单选题,设计行车速度350km/h区间及站内正线线间距不得小于（）m。,5
单选题,施工安全整改通知书一式（）份。,   五
单选题,施工防护时短路铜线由（）携带。,现场防护员
单选题,施工维修防护的设置与撤除，由（）决定。,施工负责人
单选题,双线区间一条线路施工时，移动停车信号牌(灯)距离施工地点两头各（）m设置。,20
单选题,天窗作业结束后，工务部门应派专业技术人员添乘（），对线路状态、周边环境进行检查确认。,   确认列车
单选题,铁路行车安全监测设备是保障铁路运输安全的重要技术设备，应具备监测、记录、（）、存取功能。,   报警
单选题,铁路行车组织工作，必须贯彻安全生产的方针，坚持（）、统一领导的原则。,   高度集中
单选题,铁路技术设备，均须有完整和正确反映其状态的文件及（）等相关资料。,   技术履历
单选题,铁路线两侧已经设置围墙、栅栏、防护桩等安全设施后，需要设置（）。,   安全保护区
单选题,铁路线路安全保护区内修建各种建(构)筑物等设施，应征得铁路运输企业同意并签订（）。,   安全协议
单选题,为保证人身安全，除牵引供电专业人员执行有关规定外，任何作业人员及所携带的物件、作业工器具等须与牵引供电设备高压带电部分保持（）m以上的距离，与回流线、架空地线、保护线保持（）m以上的距离。距离不足时，牵引供电设备必须停电，并采取安设接地线等安全防护措施。,2，1
单选题,维修作业应在调度所（车站）与作业地点分别设驻调度所（驻站）联络员和（），并保持联系。,   现场防护员
单选题,未安装雪深监测子系统的区段或雪深监测子系统故障时，（）部门根据降雪情况和需要，在调度所《行车设备检查登记簿》内登记限速申请。,   工务、电务
单选题,无缝线路同一区间内单元轨节最高与最低锁定轨温之差不应大于（）℃（长隧道除外）。,10
单选题,无缝线路相邻单元轨节之间锁定轨温之差不应大于（）℃。,5
单选题,无缝线路应力放散放行列车第一列限速（）km/h。,45
单选题,无缝线路左右股钢轨锁定轨温之差，允许速度160km/h以上线路不应大于（）℃。,3
单选题,下穿铁路桥梁、涵洞的道路，当桥涵净高小于（）m时，应当按照国家标准设置限高防护架和车辆通过限高、限宽标志。,5
单选题,下穿铁路桥梁、涵洞的道路应按照国家标准设置车辆通过（）、（）标志和限高防护架。,   限宽，限高
单选题,下列不属于工务部门管理的设备是（）。,   桥梁栏杆外电缆槽道
单选题,线路允许速度（）km/h及其以上区段，小车仅限在天窗内使用，禁止利用列车间隔使用小车。,160
单选题,线路允许速度小于（）区段，在线路上使用小车时，使用部门必须做到专人使用，专人防护，并应保证在距离列车不少于线路最大速度等级规定的列车紧急制动距离撤出线路。,160
单选题,线路运行速度300-350km/h区段取消大雨限速申请后，当限速120km/h时，第一趟列车提速至（）km/h。,200
单选题,线路运行速度300-350km/h区段取消大雨限速申请后，当限速45km/h时，第一趟列车提速至（）km/h，第二趟列车提速至（）km/h，第三趟列车恢复至常速。,120200
单选题,需人工上道除雪时，上下道应执行登记签认制度。列车调度员应根据相关单位的申请，停止本线接发列车及调车作业，邻线列车限速（）km/h及以下。,160
单选题,汛期应加强（）和（）的设备检查，严格执行汛期安全措施，强化降雨量和洪水位警戒制度、防重点处所监护制度。,   雨中，雨后
单选题,一切建（构）筑物、设备，均不得侵入铁路（）。,   建筑限界
单选题,乙炔瓶不得靠近热源和电器设备。乙炔和明火的距离不得小于()m。,10
单选题,以下不属于计划维修基本内容的是（）。,不良胶接绝缘接头处理
单选题,以下作业项目不属于是施工项目的是（）。, 整修声屏障、进入防护栅栏门内整修防护栅栏
单选题,以下作业项目不属于是维修项目的是（）。,   桥隧涵大修
单选题,应急处置实行（）h值班制度。,24
单选题,有客运站台的车站，房建、工务、车务部门要共同建立统一的站台限界台帐，（）核对一次。,   每季度
单选题,雨量监测子系统故障期间，由（）部门根据降雨情况在调度所《行车设备检查登记簿》内登记限速或封锁。,工务
单选题,遇有降雨天气，当1h降雨量降至（）mm及以下、且持续30min以上时，可逐步解除限速。,20
单选题,遇有降雨天气，重点防洪地段1h降雨量达到45mm及以上时，列车限速（）km/h。,120
单选题,遇有降雨天气，重点防洪地段1h降雨量达到60mm及以上时，列车限速（）km/h。,45
单选题,运营速度为250km/h及以下铁路，如确需采取V形天窗，V形天窗时段邻线限速不超过（）km/h。,160
单选题,在出站道岔上施工，对车站方向，在距离施工地段不少于（）线路上，设置移动停车信号牌(灯)防护。,   50m
单选题,在防洪检查时，需进入路肩范围内或高架桥面检查时，需向列车调度员申请本线封锁、邻线限速（）km/h及以下运行的调度命令。,160
单选题,在钢轨绝缘接头和鱼尾板卸下后，基本轨因曲线或温度关系有变化，造成轨缝不足（）mm或轨缝过大鱼尾板安装不上时，由工务部门负责解决。,6
单选题,在接触网支柱及接触网带电部分（）m范围以内的金属结构物均必须接地，在与接触网相连的支柱及金属结构上，若未装设接地线或接地线已损坏时，严禁人员与之接触。,5
单选题,在距离接触网带电部分（）m的建筑物上施工时，接触网可不停电，但应加强监护，确保人员、机具、材料等与接触网带电部分的距离不小于2m。,   2～4
单选题,在区间线路上施工时使用移动停车信号防护人员应站在距离施工地点（）m附近。,800
单选题,在同一地点同时更换两股钢轨时，需要连接（）铜导线。,   一纵两横
单选题,在线间距不足6.5m地段施工维修而邻线行车时，邻线列车应限速（）km/h及以下，并按规定设置防护。,160
单选题,在线路上进行下列作业时应注意，多组捣固机械同时捣固时（小型液压捣固机），前后距离应不少于（）m，走行应保持同步。,3
单选题,在异物侵限监测系统故障未修复前，设备管理单位须派人在现场（）。,   看守
单选题,在站内道岔上施工，一端距离施工地点（），另一端两条线路距离施工地点50m（距出站信号机不足50m时，为出站信号机处），分别在线路上设置移动停车信号牌（灯）防护。,   50m
单选题,在站内线路上施工时，如施工地点距离道岔小于（）时，在该端警冲标相对处线路上，设置移动停车信号牌（灯）防护。,   50m
单选题,在站内线路施工时，当施工线路两端道岔只能通往施工地点的位置时，在施工地点两端各（）m处线路上设置移动信号牌防护。,50
单选题,辙岔号为（）号及以上的分动外锁闭道岔无表示时，除按规定加锁外，还应通知工务工区紧固。,18
单选题,辙岔号为18号的分动外锁闭道岔密贴尖轨紧固器、斥离尖轨限位器、可动心轨紧固器配置数量分别为（）。,   2、2、1
单选题,辙岔号为42号的分动外锁闭道岔密贴尖轨紧固器、斥离尖轨限位器、可动心轨紧固器配置数量分别为（）。,   3、2、1
单选题,整组道岔在线上做铺设前的纵、横向移动时，应合理布置移动轮和滑行轨道，应由（）统一指挥，平稳移动。,作业负责人
单选题,正常情况下，在天窗时间外，检查人员不得进入（）和（）范围内，必要时应封锁或限速，并做好防护后再检查。,   路肩，桥面
单选题,正线道岔（调节器）几何尺寸检查周期为每（）不少于1遍，重点地段应加强检查，并做好记录。到发线道岔几何尺寸检查周期每（）不少于1遍，重点地段应加强检查，并做好记录。,月、月
单选题,正线作业人员本线来车避车下道距离不小于（）m。,800
单选题,正线作业人员避车应遵守以下规定距钢轨头部外侧不小于（）m。,2
单选题,主要为轨道铺设和运营维护提供控制基准轨道控制网叫做（）。,   CPⅢ
单选题,驻调度所（驻站）联络员向（）传达调度命令。,   作业负责人
单选题,作业地段放行列车时，轨道静态几何尺寸偏差不得超过下次天窗点前最高行车速度等级的（）容许偏差管理值，工务设备状态符合有关规定。,计划维修
单选题,《高速铁路工务安全规则》规定：凡影响工务设备稳定、使用和行车安全的施工作业和维修作业，都必须纳入天窗，（）进行。,   不得利用列车间隔
单选题,高速铁路天窗时间原则上不应少于240min，且宜采用（）天窗。,垂直
单选题,《铁路技术管理规程》规定：有砟轨道区段道砟面积雪厚度（）以上时，限速160km/h及以下。,   50mm
单选题,大型养路机械捣固施工前准备和地面配合具体要求之一是（）。,   预卸预拉石砟
单选题,（）是大型养路机械捣固施工前准备和地面配合具体要求之一。,   提供起拨道量
单选题,捣固车一次起道量不宜超过40mm，起道量超过40mm时应分（）起道捣固。,两次
单选题,捣固车一次拨道量不宜超过（）。,   30mm
单选题,大型养路机械无缝线路地段的作业轨温条件：一次起道量小于30mm，一次拨道量小于10mm时，作业轨温不得超过实际锁定轨温（）。,±20℃
单选题,大型养路机械无缝线路地段的作业轨温条件：一次起道量在（），一次拨道量在10～20mm时，作业轨温不得超过实际锁定轨温－20℃～+15℃。,30～40mm
单选题,动车制动初速度为200km／h时，列车紧急制动距离限值为（）。,2000m
单选题,动车制动初速度为250km／h时，紧急制动距离限值为（）。,   3200m
单选题,大型养路机械有：线路和道岔（）、动力稳定车、配砟整形车、钢轨和道岔打磨车。,   捣固车
单选题,桥长超过3km时，应每隔约（）在线路两侧交错设置1处可上下桥的救援疏散通道，并设置防护门。,   3km
单选题,钢轨硌伤深度大于（）mm为钢轨重伤。,1.5
单选题,高速铁路应根据沿线的风速、降雨量、降雪量、地震动峰值加速度、地质条件以及线路环境、设计速度等情况，建立相应的（）。,   自然灾害及异物侵限监测系统
单选题,线路标志，双线区段设线路标志时，应设在（）。,列车运行方向左侧
单选题,高速铁路的线路标志包括公里标、（）。,   半公里标
单选题,无砟道床维修作业包括（）作业和道床结构损坏修复作业。,   无砟道床伤损修补
单选题,钢轨打磨后应及时清理（）、钢轨表面上的打磨碎屑。,   轨道板
单选题,钢轨折断应立即封锁线路并处理；钢轨重伤应立即限速不超过（）并处理。,   160km/h
单选题,正线钢轨现场焊焊缝平直度，应使用钢轨平直度测量仪（）至少检查1遍，道岔尖轨跟端和低塌达到轻伤的焊接接头，每季度至少检查1遍。,   每年
单选题,钢轨外观及表面伤损检查对钢轨鱼鳞纹、剥离掉块、擦伤、硌伤的检查，（）检查1遍，必要时进行涡流和磁粉探伤。,   每季度
单选题,对磨耗达到轻伤的钢轨、道岔及调节器，应使用钢轨轮廓（磨耗）测量仪（）至少检查1遍。,   每季度
单选题,"钢轨外观及表面伤损检查应采用巡检设备与人工巡视相结合的方式对钢轨外观进行检查,人工巡视检查（）不少于1遍。",   每年
单选题,《高速铁路线路维修规则》规定：其他站线道岔几何尺寸检查周期为（）1遍。,   每半年
单选题,无砟轨道弹性垫板刚度（）抽检1次，（上道使用前五年可不抽检），正线抽检数量：每种扣件3块/50km,   每年
单选题,无砟道床静态检查（）不少于1遍。,每年
单选题,钢轨头部磨耗轻伤和重伤标准：尖轨、心轨、叉跟尖轨轨头宽度10mm断面处重伤标准为（）mm。,3.5
单选题,更换伤损的道岔护轨螺栓、可动心轨咽喉和叉后间隔铁螺栓、长心轨与短心轨联结螺栓是（）内容。,   临时补修
单选题,无砟轨道计划维修基本内容有：无缝线路钢轨位移、钢轨伸缩调节器伸缩量的状态（）和分析。,   观测
单选题,（）指根据线路及其部件的变化规律、特点以及轮轨匹配状态，按周期对线路设备进行的全面检查，依据设备状态评价结果，对钢轨、道岔、钢轨伸缩调节器（以下简称调节器）、扣件、轨枕、道床、无缝线路及轨道几何形位等进行单项或多项修理，以恢复线路完好技术状态。,   计划维修
单选题,钢轨轻伤和重伤标准中，当波长不大于300mm时，平均谷深大于（）mm时，波磨判定为重伤。,0.08
单选题,临时补修指对轨道几何尺寸超过（）容许偏差管理值或轨道设备伤损或轮轨匹配状态不良的钢轨等影响其正常使用的处所进行的临时性修理，以保证行车安全和平稳。,   临时补修
单选题,高速铁路线路维修工作分为（）和临时补修。,计划维修
单选题,高速铁路无缝线路左右两股钢轨绝缘接头应相对铺设，且绝缘接头轨缝绝缘端板距钢轨支承位置不宜小于（）。,100mm
单选题,高速铁路正线应采用（），到发线应采用无缝线路。,   跨区间无缝线路
单选题,高速铁路铝热焊焊缝距承轨台边缘不得小于（）。,100mm
单选题,无缝线路作业发现（）时应立即封锁线路进行处理。,   胀轨跑道
单选题,无缝线路作业起、拨道器不得安放在（）处。,铝热焊缝
单选题,无缝线路作业应严格执行“作业前、作业中、作业后（）”制度。,测量轨温
单选题,高温季节不应安排（）作业。,影响线路稳定
单选题,无缝线路作业必须掌握（），根据作业轨温条件进行作业。,   实际锁定轨温
单选题,"无缝线路夏季线路轨向严重不良，碎弯多,应进行（）。",   应力放散或调整
单选题,高速铁路区间钢轨位移观测桩间距不应大于（）。,500m
单选题,"无缝线路运营中的长轨条（）,说明锁定轨温增加了。",伸长了
单选题,WJ-8型扣件由（）、平垫圈、弹条、绝缘轨距块、轨距挡板、轨下垫板、铁垫板、铁垫板下弹性垫板和预埋套管等组成。,   螺栓道钉
单选题,WJ-8型扣件弹条分两种，即（）型弹条（直径为14mm）和X2型弹条（直径为13mm）。,   W1
单选题,WJ-8型扣件螺旋道钉分为S2型和S3型两种，调高量大于（）时用S3型螺旋道钉。,   15mm
单选题,高速铁路无砟轨道结构混凝土裂纹的修补方法可分为（），无压注浆法、低压注浆法和柔性填充法。,表面封闭法
单选题,高速铁路有砟轨道主要采用（）、弹条V型和FC型三种类型扣件,弹条IV型
单选题,弹条IV型扣件系统由弹条、（）、橡胶垫板和预埋铁座等组成。,绝缘轨距块
单选题,弹条IV型扣件钢轨与绝缘轨距块、绝缘轨距块与预埋铁座间单边间隙之和不应大于（）。,   1mm
单选题,弹条IV型扣件不能进行（）调整，不得垫入调高垫板。,高低
单选题,弹条V型扣件系统由（）、平垫圈、弹条、轨距挡板、轨下垫板和预埋套管等组成。,螺旋道钉
单选题,弹条V型扣件轨下垫板分为两种，即：（）和桥上可能使用的复合垫板。,   橡胶垫板
单选题,弹条V型扣件轨距挡板分（）七种规格，标准轨距时，采用4号和6号。,2号～8号
单选题,弹条V型扣件调高垫板按厚度分为0.5mm、1mm、2mm、（）和8mm五种规格，放置于轨下垫板与轨枕承轨面之间。,   5mm
单选题,弹条V型扣件弹条安装标准：弹条中部前端下颚与钢轨不宜接触，两者间隙不得大于（）。,0.5mm
单选题,弹条V型扣件钢轨与轨距挡板间隙不得大于（）。,   1mm
单选题,弹条V型扣件（）应保证有一定的防护油脂，油脂性能应符合相关规定。,预埋套管中
单选题,FC型扣件钢轨与绝缘轨距块、绝缘轨距块与预埋铁座间单边间隙之和不应大于（）。,   1mm
单选题,FC型扣件高低调整：扣件不能进行（）调整，不得垫入调高垫板。,高低
单选题,高速铁路无砟轨道主要采用（）、WJ-8型、300-1型和SFC型扣件。,   WJ-7型
单选题,WJ-7型扣件按无砟道床形式应为（）扣件。,无挡肩
单选题,WJ-8型扣件按无砟道床形式应为（）扣件。,   有挡肩
单选题,300－1型扣件按无砟道床形式应为（）扣件。,   有挡肩
单选题,SFC型扣件按无砟道床形式应为（）扣件。,无挡肩
单选题,WJ-7型扣件由（）、螺母、平垫圈、弹条、绝缘块、铁垫板、轨下垫板、绝缘缓冲垫板、重型弹簧垫圈、平垫块、锚固螺栓和预埋套管等组成。,T型螺栓
单选题,WJ-7型扣件弹条分为两种，即（）型弹条（直径为14mm）和X2型弹条（直径为13mm），其中桥上采用小阻力扣件时使用X2型弹条。,   W1
单选题,WJ-7型扣件轨下垫板分为A、B两类，每类又分为橡胶垫板和桥上采用小阻力扣件时配套使用的（）。,   复合垫板
单选题,WJ-7型扣件对T型螺栓应进行定期（），防止螺栓锈蚀，油脂性能应符合相关规定。,涂油
单选题,WJ-7型扣件（）中应保证有一定的防护油脂，油脂性能应符合相关规定。,   预埋套管
单选题,WJ-7型扣件安装铁垫板时，轨底坡方向应朝向轨道（）。,内侧
单选题,WJ-7型扣件弹条安装标准：弹条中部前端下颚与绝缘块不宜接触，两者间隙不得大于（）。,0.5mm
单选题,WJ-7型扣件弹条日常保持：弹条中部前端下颚与绝缘块不宜接触，两者间隙不得大于（）。,1mm
单选题,WJ-7型扣件锚固螺栓扭矩为（）N·m。,   300～350
单选题,WJ-7型扣件钢轨与绝缘块、绝缘块与铁垫板挡肩间单边间隙之和不得大于（）。,1mm
单选题,WJ-8型扣件轨距挡板分为两种，即一般地段用轨距挡板和（）轨距挡板。,   夹板处用接头
单选题,WJ-8型扣件铁垫板下弹性垫板分为A、B两类（厚度均为12mm）。A类弹性垫板用于兼顾货运的高速铁路，B类弹性垫板用于（）的高速铁路。,   仅运行动车组
单选题,WJ-8型扣件（）中应保证有一定的防护油脂，油脂性能应符合相关规定。,   预埋套管
单选题,WJ-8型扣件弹条安装标准：弹条中部前端下颚与绝缘轨距块不宜接触，两者间隙不得大于（）。,0.5mm
单选题,WJ-8型扣件日常保持：弹条中部前端下颚与绝缘轨距块不宜接触，两者间隙不得大于（）mm。,1mm
单选题,WJ-8型扣件钢轨与绝缘轨距块、绝缘轨距块与铁垫板挡肩间缝隙之和不得大于（）。,1mm
单选题,300-1型扣件分为300-1a型和300-1u型两种。扣件由（）、绝缘垫片、轨距挡板、螺栓、轨下垫板、铁垫板、弹性垫板和预埋套管等组成，为满足高低调整需要，还包括调高垫板。,弹条
单选题,300-1型扣件标准规格螺栓（Ss36-230）长度为230mm。为满足（）调整需要，配有长度为240mm和250mm的螺栓。,高低
单选题,300-1型扣件标准规格轨下垫板厚度为6mm。为满足高低调整需要，配有厚度为2mm、3mm、4mm、5mm、7mm和（）的轨下垫板。,8mm
单选题,300-1型扣件预埋套管中应保证有一定的（），油脂性能应符合相关规定。,   防护油脂
单选题,300-1型扣件弹条安装标准：弹条中部前端与轨距挡板前端突起部分不宜接触，两者间隙不得大于（）。,0.5mm
单选题,300-1型扣件弹条养护标准：弹条中部前端与轨距挡板前端突起部分不宜接触，两者间隙不得大于（）。,1mm
单选题,300-1型扣件轨距挡板应与承轨槽挡肩密贴，钢轨与轨距挡板单边间隙不得大于（）。,1mm
单选题,SFC型扣件分为直列式和错列式两种。扣件由（）、绝缘帽、铸铁底板、绝缘轨距块、橡胶垫板、锚固螺栓、贝式垫片、锯齿垫片、耦合垫板和预埋套管等组成。,弹条
单选题,SFC型扣件（）中应保证有一定的防护油脂，油脂性能应符合相关规定。,   预埋套管
单选题,SFC型扣件安装铸铁底板时，轨底坡方向应朝向轨道（）。,内侧
单选题,SFC型扣件锚固螺栓扭矩为（）N·m。,150～200
单选题,高速道岔均为（）道岔。,   单开
单选题,某条高速铁路线路钢轨折断后量取断缝值为18mm，应立即进行（）处理。,紧急处理
单选题,当钢轨折损严重、断缝超过30mm或紧急处理后不能及时焊复时，应切除伤损部分，在两锯口间插入长度不短于（）的同型钢轨，轨端钻孔，安装接头夹板，用10.9级螺栓拧紧，拧紧短轨前后各50m范围内的扣件，按不超过160km/h速度放行列车。,6m
单选题,发现钢轨折断时应立即封锁线路，并根据现场情况采取（）、临时处理或永久处理。,   紧急处理
单选题,某条高速铁路线路钢轨折断后量取断缝值为28mm，经紧急处理后，本线派专人看守放行列车速度不超过（）。,45km/h
单选题,某条高速铁路线路钢轨折断后量取断缝值为28mm，经紧急处理后，本线派专人看守放行列车速度为45km/h，邻线限速不超过（）。,   160km/h
单选题,严禁在钢轨（道岔轨件）的任何部分刻痕，焊接附件，严禁（）。,   锤击轨底
单选题,钢轨钻孔位置应在螺栓孔中心线上，且必须（）。两螺栓孔净距不得小于大孔径的两倍。,   倒棱
单选题,当发现钢轨内部轻伤有发展时，应采用无损加固处理。伤损加固时，应尽量使伤损部位处于（），严禁夹板与焊筋接触。,   夹板中部
单选题,高速铁路钢轨顶面上有长度大于30mm且深度大于（）的掉块应判定为钢轨折断。,   5mm
单选题,用切割机切割钢轨时，其他人员应（）锯轨机两侧和前方，防止锯片碎裂伤人。,   远离
单选题,高速铁路施工作业和应纳入天窗的维修作业应在（）进行。,天窗内
单选题,高速铁路需临时拆除防护栅栏时，应设置临时防护设施并派人（）看守。,昼夜
单选题,天窗时间外，遇有暴风雨雪天气或地震，设备管理单位检查发现影响行车安全时，如需进入铁路建筑限界内检查，本线封锁、邻线列车限速（）。,160km/h及以下
单选题,在双线区间，故障处理后需要现场看守时，设备管理单位应在《行车设备检查登记簿》内登记，提出（）行车限制条件。,   本线及邻线
单选题,高速铁路天窗内，上道前和跨越线路时应严格遵守“（）”和“手比、眼看、口呼”的规定，严禁抢越。,一停、二看、三通过
单选题,发现道岔尖轨、基本轨、可动心轨、翼轨折断时应（），进行处理。,封锁线路
单选题,焊接接头可采用小型钢轨打磨机进行打磨，严禁使用（）打磨,手砂轮
单选题,永久处理进行焊复处理时，应保持无缝线路锁定轨温不变。作业轨温宜低于实际锁定轨温0～20℃。当采用插入短轨焊复时，短轨长度不得小于（）。,20m
单选题,轨道动态偏差管理值中轨距变化率计算基长为（）。,3m
单选题,车辆动力学指标管理值中脱轨系数管理值为Q/P≤（）。,0.8
单选题,复合不平顺指水平和轨向逆相位复合不平顺，按水平和波长（）轨向代数差计算。,1.5～42m
单选题,对轨道检查仪、轨道测量仪等较大的测量设备，应在（）增设检定点。,车间
单选题,正线钢轨现场焊焊缝平直度，应使用钢轨平直度测量仪每年至少检查1遍，对低塌达到轻伤的焊接接头，每（）至少检查1遍。,每季度
单选题,有砟桥上设置护轨时，护轨与基本轨头部间净距为500mm（梭头部位除外），容许偏差为（）mm。,"10,-5"
单选题,有砟桥上设置护轨时，护轨顶面不应高出基本轨顶面（）mm，也不应低于基本轨顶面25mm。,5
单选题,工务、电务、供电部门应利用天窗时间对碰撞异物地点前后（）范围内的设备进行重点检查。,2km
单选题,晃车时刻列车运行速度为160km及以上时，列车调度员应向后续首列发布限速120km/h的调度命令，限速位置应该按司机汇报的晃车地点前后各（）确定。,1km
单选题,应采用探伤仪对焊接接头、站线、道岔（包括尖轨和心轨变截面部分）、调节器（含尖轨变截面部分）及其前后（）钢轨进行周期性探伤。,60m
单选题,使用钢轨探伤车对正线钢轨每年探伤不少于（）遍（其中每季不少于1遍）。,6
单选题,使用钢轨探伤仪对正线道岔及调节器的钢轨（）检查1遍,每月
单选题,对正线无缝线路和道岔、调节器钢轨的焊缝还应使用焊缝探伤仪进行全断面探伤，厂焊焊缝轨底每（）年检查1遍；现场闪光焊、数控气压焊焊缝每年检查1遍，铝热焊焊缝每半年检查1遍。,五
单选题,对正线无缝线路和道岔、调节器钢轨的焊缝还应使用焊缝探伤仪进行全断面探伤，厂焊焊缝轨底每5年检查1遍；现场闪光焊、数控气压焊焊缝每（）年检查1遍，铝热焊焊缝每半年检查1遍。,一
单选题,对正线无缝线路和道岔、调节器钢轨的焊缝还应使用焊缝探伤仪进行全断面探伤，厂焊焊缝轨底每5年检查1遍；现场闪光焊、数控气压焊焊缝每年检查1遍，铝热焊焊缝每（）年检查1遍。,半
单选题,60kg/m钢轨高度为（）mm，质量约为60kg/m。,176
单选题,客专线道岔在尖轨闭合状态下，辊轮与尖轨轨底侧面的空隙的空隙应为（）。,1～2mm
单选题,客专线道岔尖轨轨底与滑床台上表面的间隙应为（）。,1～3mm
单选题,客专线18号道岔导曲线线型为单圆曲线、半径为（）。,1100m
单选题,高速铁路最小坡段长度一般条件下不应小于（）m，且不宜连续使用。,900m
单选题,高速铁路最小坡段长度困难条件下不应小于（）m，且不应连续使用,600m
单选题,列车全部停站的车站两端坡段长度不应小于（）m,400m
单选题,客货共线铁路正线最小坡段长度一般条件下不宜小于（）m，且不宜连续使用,600m
单选题,客货共线铁路正线最小坡段长度困难条件下不应小于（）m，且不应连续使用,400m
单选题,对于CN道岔尖轨辊轮CZr3e-11-00及CZr2e-11-00，尖轨处于斥离状态时，尖轨轨底与滑床台板之间的间隙为（）mm,0.7～3
单选题,对于CN道岔尖轨辊轮CZr3e-11-00及CZr2e-11-00，尖轨处于密贴状态时，尖轨轨底与滑床台板之间的间隙为（）mm,0.5～1
单选题,防跳轮与斥离尖轨轨底上表面间隙应为（）mm。,2～5
单选题,高铁正线最大竖曲线半径不应大于（）。,30000m
单选题,高速铁路正线设计行车速度300km/h区段，最小竖曲线半径一般应不小于（）。,25000m
单选题,高速铁路正线设计行车速度250km/h区段，最小竖曲线半径一般应不小于（）。,20000m
单选题,高速铁路正线设计行车速度200km/h区段，最小竖曲线半径一般应不小于（）。,15000m
多选题,200km/h及以上铁路应建立（）“三网合一”的精密测量控制网。,"勘察设计,    工程施工,    运营维护"
多选题,WJ-7型扣件弹条分（）两种类型。,"W1,    X2"
多选题,材料工具装载应制定专门的装载方案，确保装载稳固，不得（）。,"偏载,    超载,    超限"
多选题,对设备的建筑限界由铁路局业务处室组织有关单位每五年至少检查一次，并由（）等单位每年复量一次。,"工务,    电务,    供电,    建筑"
多选题,发现钢轨折断时应立即封锁线路，并根据现场情况采取（）。,"紧急处理,    临时处理,    永久处理"
多选题,更换钢轨需拆装扼流变钢轨引线时，拆装作业不应由（）完成。,"   工务人员,    供电人员,    通信人员"
多选题,上道前和跨越线路时应严格遵守“一停二看三通过”和“（）”的规定，严禁抢越。,"   手比,    眼看,    口呼"
多选题,属于钢轨伤损形式的有（）。,"轨头磨耗,   轨头接触疲劳裂纹（又称鱼鳞纹）及掉块, 擦伤,    波形磨耗"
多选题,铁路行车安全监测设备是保障铁路运输安全的重要技术设备，应具备（）的功能。,"监测,    记录,    报警,    存取"
多选题,铁路行车组织工作，必须贯彻安全生产的方针，坚持（）的原则。,"   高度集中,    统一领导"
多选题,铁路技术设备的养护维修工作坚持（）的原则。,"预防为主,    检修与保养并重,    预防与整治相结合"
多选题,铁路技术设备应保持完整良好状态。根据（），安排设备检修。,"变化规律,    季节特点"
多选题,下穿铁路桥梁、涵洞的道路应按照国家标准设置车辆通过（）标志和限高防护架。,"   限宽,    限高"
多选题,下列哪些情况扣件应进行修理或更换（）。,"零部件损坏,    预埋套管损坏,    锚固螺栓扭矩（WJ-7型）不满足要求,    有螺栓弹条（WJ-7型、WJ-8型、300-1型扣件）紧固状态弹条中肢前端离缝超过1mm"
多选题,下列属于CRTSⅠ型板式无砟道床结构的是（）。,"轨道板,    水泥乳化沥青砂浆充填层, 混凝土底座,    凸形挡台"
多选题,下列属于WJ-7型扣件的是（）。,"T型螺栓,    弹条,    重型弹簧垫圈,    预埋套管"
多选题,下列属于防护员应携带的防护用品的是（）。,"红、黄色信号旗(昼),    短路铜线1条,    手持无线电台,    GSM-R手机"
多选题,下列属于钢轨折断的情况的有（）。,"钢轨全截面断裂,    裂纹贯通整个轨头截面,    裂纹贯通整个轨底截面,    钢轨顶面上有长度大于30mm且深度大于5mm的掉块"
多选题,下列属于工务部门管理的设备是（）。,"声屏障和风屏障,    客运专线旅客应急疏散通道,    轨道控制网"
多选题,以下属于线路轨旁结构的是（）。,"公里标,    半公里标,    警冲标,    轨道板接地线"
多选题,以下属于计划维修基本内容的是（）。,"钢轨预打磨、预防性打磨和修理性打磨, 钢轨、道岔及调节器等轨道部件整修,    焊接接头、胶接绝缘接头整修,   精测网控制点的检查和维护"
多选题,以下作业项目属于是施工项目的是（）。,"站场设备技术改造,    跨越或穿越线路的桥梁设备施工,    成组更换道岔"
多选题,以下作业项目属于是维修项目的是（）。,"轨道精调, 螺栓扣件涂油,    防护栅栏外的工务设备检查, 整理外观及修理、油刷线路标志"
多选题,正常情况下，在天窗时间外，检查人员不得进入（）范围内，必要时应封锁或限速，并做好防护后再检查。,"   桥面,    路肩"
多选题,高速铁路工务安全管理应坚持“（）”的原则。,"安全第一,    预防为主,    综合治理"
多选题,高速铁路在线间距不足6.5m地段施工维修而邻线来车时，现场防护员应及时通知作业人员，（）不得在两线间放置或停留。并与列车保持安全距离，物料应堆码放置牢固。,"机具,    物料,    人员"
多选题,高速铁路进入（）内检查、作业、设备故障及自然灾害应急处置，应设驻调度所（驻站）联络员，在现场设现场防护员。,"路基防护栅栏,    桥面,    隧道"
多选题,当设备发生故障，需在双线区间的一线上道检查、处理设备故障时，本线应封锁、邻线列车可以限速为（）。,"45km/h,    80km/h,    160km/h"
多选题,遇有暴风雨雪天气或地震，设备管理单位应加强对重点地段和设备的检查，在天窗时间外，检查人员不得进入（）范围内。,"路肩,    桥面,    隧道"
多选题,在区间或站内线路、道岔上维修时，现场防护人员应站在（）进行防护，在天窗内作业时，显示停车手信号。,"维修地点附近,    瞭望条件较好的地点"
多选题,正线作业人员下道避车(本线来车时）应遵守以下规定：垂直天窗邻线开行路用列车或V型天窗，应在本线一侧的（）避车。,"路肩,    桥梁作业通道,    隧道救援通道"
多选题,换装或者搬运（）等笨重轨料，应有专人指挥，尽量选择在平整的地面上行走；必须在坑洼不平或线路上行走时，应注意踏稳踩牢。,"钢轨,    混凝土枕,    辙叉"
多选题,进行接触（）物品作业，高处作业，以及使用电器、机械作业等必须按规定使用劳动保护用品。,"有毒,    易燃,    粉尘,    易爆"
多选题,高速铁路钢轨伤损形式主要有（）、硌伤、表面裂纹、内部裂纹和锈蚀等。,"轨头磨耗, 轨头接触疲劳裂纹（又称鱼鳞纹）及掉块,    擦伤,    波形磨耗"
多选题,钢轨伤损按程度分为（）三类。,"轻伤,    重伤,    折断"
多选题,严禁在钢轨（道岔轨件）的任何部分（），严禁锤击轨底。,"刻痕,    焊接附件"
多选题,高速铁路钢轨打磨分为（）。,"   预打磨,    预防性打磨,    修理性打磨"
多选题,高速铁路无砟轨道分为（）以及道岔区轨枕埋入式和板式无砟道床等。,"CRTSⅠ型板式,    CRTSⅡ型板式,    CRTSⅢ板式,    双块式"
多选题,高速铁路无砟道床伤损等级分为（）级。,"Ⅰ,    Ⅱ"
多选题,CRTSⅠ型板式无砟轨道结构由（）及其周围填充树脂,"凸形挡台,    轨道板,    水泥乳化沥青砂浆充填层,    混凝土底座"
多选题,CRTSⅡ型板式无砟轨道路基地段道床结构由（）等部分组成。,"轨道板,    水泥乳化沥青砂浆充填层,    支承层"
多选题,CRTSⅡ型板式无砟轨道桥梁地段道床结构由（）高强度挤塑板、侧向挡块及弹性限位板等部分组成。,"轨道板,    水泥乳化沥青砂浆充填层,    底座板,    滑动层"
多选题,CRTSⅡ型板式无砟轨道隧道地段道床结构由（）等部分组成。,"轨道板,    水泥乳化沥青砂浆充填层,    支承层"
多选题,CRTSⅡ型板式无砟轨道（）地段支承层不得有竖向贯通裂缝（不含横向切缝隙）。,"路基,    隧道"
多选题,CRTSⅢ型板式无砟轨道结构由（）、隔离层等组成。,"轨道板,    自密实混凝土层,   混凝土底座,  凹槽周围弹性垫层"
多选题,CRTS双块式无砟轨道路基地段连续道床结构由（）等部分组成。,"双块式轨枕,    道床板, 支承层"
多选题,道岔区轨枕埋入式无砟轨道桥梁地段（）顶面应设计隔离层。,"道床板,    底座"
多选题,高速铁路无砟轨道结构混凝土裂纹的修补方法可分为（）。,"表面封闭法,    无压注浆法,    低压注浆法,    柔性填充法"
多选题,高速铁路有砟轨道主要采用（）三种类型扣件。,"弹条IV型,    弹条V型,    FC型"
多选题,弹条V型扣件轨距调整量：－8～+4mm，通过更换不同号码的轨距挡板实现（）调整。,"轨距,    轨向"
多选题,高速铁路无砟轨道主要采用（）扣件。,"WJ-7型,    WJ-8型,    300-1型,    SFC型"
多选题,WJ-7型扣件由（）绝缘块、铁垫板、轨下垫板、绝缘缓冲垫板、重型弹簧垫圈、平垫块、锚固螺栓和预埋套管等组成。,"T型螺栓,    螺母,    平垫圈,    弹条"
多选题,WJ-8型扣件由（）轨距挡板、轨下垫板、铁垫板、铁垫板下弹性垫板和预埋套管等组成。,"螺旋道钉,    平垫圈,    弹条,    绝缘轨距块"
多选题,高速道岔按轨下基础可分为（）两种类型。,"   有砟道岔,    无砟道岔"
多选题,"无缝线路通过位移观测或测试分析，发现温度力分布严重不匀,应进行（）。","应力放散,    应力调整"
多选题,高速铁路常用钢轨焊接种类有（）。,"闪光焊接,    气压焊接,    铝热焊接"
多选题,道岔的（）巡视每10天不少于一遍。,"结构,    联结零件"
多选题,钢轨探伤评判分（）两种。,"轻伤,    重伤"
多选题,"钢轨外观及表面伤损检查应采用巡检设备与人工巡视相结合的方式对钢轨外观进行检查,发现钢轨（）及其他伤损时，应进行复核。","擦伤,    鱼鳞纹,    磨耗,    锈蚀"
多选题,《高速铁路线路维修规则》规定：线路计划维修、成段保养应采用大型养路机械进行全面（），并进行稳定。,"   起道,    拨道,    捣固"
多选题,轨道静态几何尺寸不平顺容许偏差管理值中，作业验收管理值为（）后的质量检查标准。,"   计划维修,    临时补修"
多选题,轨道动态几何不平顺的检测项目包括（）、三角坑、复合不平顺、轨距变化率、车体垂向和横向振动加速度等。,"轨距,    水平,    轨向,    高低"
多选题,高速铁路的线路标志包括（）。,"公里标,    半公里标"
多选题,铁路应根据沿线的（）、地质条件以及线路环境、设计速度等情况，建立相应的自然灾害及异物侵限监测系统。,"风速,    降雨量,    降雪量,    地震动峰值加速度"
多选题,防灾安全监控系统是（）以及地震监测子系统的集成系统。,"风速监测子系统,    雨量监测子系统,    雪量监测子系统,    异物侵限监控子系统"
多选题,风、雨监测设备由（）组成。,"风速计,    雨量计,    现场控制箱"
多选题,综合检测列车发现的（），应及时进行分析和处理，具体办法由铁路局集团公司规定,"轨道不平顺幅值突变处所, 轨向水平逆向复合不平顺和连续三波及多波, 长波高低, 轨向不平顺处所"
多选题,钢轨预防性打磨廓形宜根据（）综合设计。未进行打磨廓形设计时，可根据线路运行动车组类型，参考钢轨预打磨廓形对钢轨进行打磨。,"钢轨表面状态, 轮轨接触情况"
多选题,钢轨修理性打磨方案应根据（）等表面伤损程度，打磨后应保证伤损得到消除。,"波磨, 鱼鳞裂纹"
多选题,对工务有关的事故或故障，工务部门应（）吸取教训并采取有效措施，防止同类问题的再次发生。,"缜密调查, 科学分析, 找出原因"
多选题,对（）等需要临时封锁要点的施工按规定程序办理。,"突发性设备故障, 灾害的紧急抢修, 轨道状态超过临时补修标准, 重伤设备处理"
多选题,车辆动力学指标包括（）、轮轴横向力，横向力和垂向力通过综合检测列车的测力轮对来测量。,"脱轨系数, 轮重减载率, 轮轴横向力"
简答题,CRTSⅠ型板式无砟道床结构由哪些部分组成？,轨道板、水泥乳化沥青砂浆充填层、混凝土底座、凸形挡台及其周围填充树脂等部分组成。
简答题,CRTSⅡ型板式无砟轨道桥梁地段道床结构由哪些部分组成？,轨道板、水泥乳化沥青砂浆充填层、底座板、滑动层、高强度挤塑板、侧向挡块及弹性限位板等部分组成。
简答题,WJ-7型扣件组成部分由哪些？,由T型螺栓、螺母、平垫圈、弹条、绝缘块、铁垫板、轨下垫板、绝缘缓冲垫板、重型弹簧垫圈、平垫块、锚固螺栓和预埋套管等组成，为满足高低调整需要，还包括轨下调高垫板（或充填式垫板）、铁垫板下调高垫板。
简答题,WJ-8型扣件组成部分有哪些？,由螺旋道钉、平垫圈、弹条、绝缘轨距块、轨距挡板、轨下垫板、铁垫板、铁垫板下弹性垫板和预埋套管等组成。为满足高低调整需要，还包括轨下微调垫板和铁垫板下调高垫板。
简答题,对防寒工作，应提前做哪些准备？,①对有关人员进行防寒过冬培训，并按规定做好防寒劳动防护用品的配备和发放工作；②对铁路技术设备进行防寒过冬检查、整修，并根据需要做好包扎管路等工作；③做好易冻设备、物资的防冻解冻工作；④储备足够的防寒过冬材料、燃料和工具，检修好除冰雪机具和防雪设备，组织好除冰雪队伍。
简答题,钢轨伤损形式主要有哪几种？,轨头磨耗、轨头接触疲劳裂纹（又称鱼鳞纹）及掉块、擦伤、硌伤、波形磨耗、表面裂纹、内部裂纹和锈蚀等。
简答题,高速铁路有砟轨道路肩宽度设置要求？,线路设计速度为200km/h区段的路肩宽度不应小于1.0m；250km/h及以上区段双线不应小于1.4m，单线不应小于1.5m。
简答题,简述轨道静态几何尺寸容许偏差管理值中作业验收管理值、计划维修管理值的意义。,作业验收管理值为计划维修和临时补修作业后的质量检查标准；计划维修管理值为安排轨道维修计划的质量管理标准。
简答题,可不纳入天窗的维修项目主要包括哪些？,①防护栅栏外的工务设备检查、测量及维修；②不通向桥面范围的检查维修作业；③不进入防护栅栏门进行防护栅栏、救援疏散通道的修补。
简答题,钢轨折断判定标准是什么？,（1）钢轨全截面断裂；（2）裂纹贯通整个轨头截面；（3）裂纹贯通整个轨底截面；（4)钢轨顶面上有长度大于30mm且深度大于5mm的掉块。
简答题,设备管理单位人员发现设备故障时，应该怎么处理？,设备管理单位人员发现行车设备故障时，应立即通知列车调度员（车站控制时为车站值班员），报告工长、车间主任或设备管理单位调度，并在《行车设备检查登记簿》内登记，积极设法修复；对暂时不能修复的，应登记停用内容和影响范围，写明行车限制条件。
简答题,铁路技术设备的养护维修工作应坚持什么原则？,以预防为主、检修与保养并重、预防与整治相结合的原则。
简答题,现场防护员应佩戴标志，同时携带防护信号用品及数量？,①喇叭1个；②红、黄色信号旗(昼)各1面；③信号灯(夜)1盏；④短路铜线1条；⑤手持无线电台1个；⑥GSM-R手机1个。
简答题,遇到什么情况，车站可转为非常站控模式？,（1）调度集中设备故障；（2）行车设备施工、维修需要时；（3）行车设备故障，需现场准备进路时；（4）自动站间闭塞设备的车站因故改按半自动闭塞法行车；（5）发生危及行车安全的情况需要时。
简答题,作业“五不准”制度的内容是什么？,（1）设备病害地点未找准，不准作业；（2）设备病害原因分析不明，不准作业；（3）病害整治方案未制定，不准作业；（4）作业卡控措施未制定，不准作业；（5）人员、机具、材料未到位，不准作业。
简答题,线路维修工作的基本任务是什么？,保持线路设备状态完好，保证列车以规定速度安全、平稳、舒适和不间断地运行，并尽量延长设备使用寿命。
简答题,简述轨道静态几何尺寸容许偏差管理值中临时补修管理值、限速管理值的意义。,临时补修管理值为应及时进行轨道整修的质量控制标准；限速管理值为保证列车运行平稳性和舒适性，需立即进行限速的质量控制标准。
简答题,线路维修工作分为计划维修和临时补修。其中计划维修是指？,计划维修指根据线路及其部件的变化规律、特点以及轮轨匹配状态，按周期对线路设备进行的全面检查，依据设备状态评价结果，对钢轨、道岔、钢轨伸缩调节器（以下简称调节器）、扣件、轨枕、道床、无缝线路及轨道几何形位等进行单项或多项修理，以恢复线路完好技术状态。
简答题,线路维修工作分为计划维修和临时补修。其中临时补修是指？,临时补修指对轨道几何尺寸超过临时补修容许偏差管理值、轨道设备伤损或轮轨匹配状态不良的钢轨等影响其正常使用的处所进行临时性修理，以保证行车安全和平稳。
简答题,简述无砟道床的类型。,无砟道床分为CRTSⅠ型板式、CRTSⅡ型板式、CRTSⅢ型板式、CRTS双块式以及道岔区轨枕埋入式和板式无砟道床等。
简答题,简述高速铁路线路正线钢轨选用标准。,正线、到发线应采用60kg/m（60N）、100m定尺钢轨。200km/h及以上的铁路和200km/h及以下仅运行动车组列车的铁路应选用U71Mn G钢轨，客货共线铁路应选用U75V G钢轨。曲线半径小于或等于2800m的正线以及曲线半径小于或等于1200m的动车组走行线、联络线、站线应选用同区间材质的在线热处理钢轨
简答题,简述无砟轨道主要采用的扣件类型？,无砟轨道主要采用WJ-7型、WJ-8型、W300-1型和SFC型扣件
简答题,道岔基本轨、翼轨、导轨和护轨出现哪些不良状态或伤损，应进行修理或更换。,1、弯折点位置或弯折尺寸不符合要求；2、高锰钢摇蓝出现裂纹；3、道岔钢轨轨底上表面压痕深度大于等于0.5mm。4、基本轨、翼轨、导轨头部磨耗达到重伤标准，其他伤损达到钢轨轻伤标准。
简答题,线路检查应坚持什么原则？,线路检查应坚持“动态检查为主，动、静态检查相结合，结构检查与几何尺寸检查并重”的原则。
简答题,发现钢轨核伤和焊缝重伤时，应如何处理？,发现钢轨核伤和焊缝重伤时，应立即进行处理，可加固处理，并在适宜温度及时进行永久处理；在实施永久处理前应加强检查，发现伤损发展时，应按照钢轨折断及时进行紧急处理、临时处理或永久处理。
简答题,道岔尖轨或可动心轨轨底与台板间隙超标时，可采取哪些作业方法处理？,1、调整滑床板高低位置，使之处于同一平面上；2、配合电务专业调整转辙器滑床板上辊轮，使其状态符合要求
简答题,尖轨相对于基本轨降低值偏差超过1mm且影响行车平稳性时，如何调整？,可通过更换不同厚度基本轨轨下橡胶垫板或滑床台，调整尖轨相对于基本轨降低值；降低值调整量在1~2mm时，应设置两级过渡；降低值调整量大于2mm时，应更换尖轨与基本轨组件。
简答题,轨道动态几何不平顺的检查项目有哪些？,高低、轨向、轨距、水平、三角坑、复合不平顺、轨距变化率、车体垂向和横向振动加速度等
简答题,简述轨道动态几何不平顺峰值管理中线路（含道岔及调节器范围）各项偏差管理值等级划分。,线路（含道岔及调节器范围）各项偏差等级划分四级：Ⅰ级为日常保持标准，Ⅱ级为计划维修标准，Ⅲ级为临时补修标准，Ⅳ级为限速标准。
简答题,简述轨道动态不平顺峰值管理中线路（含道岔及调节器范围）各项目偏差扣分标准。,Ⅰ级每处扣1分，Ⅱ级每处扣5分，Ⅲ级每处扣100分，Ⅳ级每处扣301分。
简答题,简述每千米线路动态质量评定标准及扣分范围。,优秀—总扣分在50分及以内；良好—总扣分在51～300分；一般—总扣分在300分以上。
简答题,《高速铁路线路维修规则》中规定综合检测列车检查发现的Ⅳ级偏差处所，或Ⅲ级偏差且车辆动力学指标超限处所应如何处置？,应立即采取限速或封锁措施。采取限速措施时，250（不含）～350km/h线路限速不超过200km/h，250km/h及以下线路限速不超过160km/h，具体限速值依据偏差管理值确定。处理程序执行国铁集团相关规定
简答题,车载式线路检查仪的检查项目与周期？,检查项目有检测车体横向、垂向加速度；检查周期为每天至少对高速铁路覆盖检测一遍。
简答题,动车组添乘检查内容有哪些？,线路基础设施设备质量、铁路行车标志、沿线路料管理、安全防护设施情况、沿线施工管理、沿线环境及线容线貌。
简答题,工区根据下达的日计划负责作业方案的编制。作业方案应包括哪些内容？,作业方案应包括：作业地点、作业内容、人员分工、安全预想、机具材料数量等内容。
简答题,钢轨（含道岔、调节器和胶接绝缘接头用轨）伤损形式、分类？,钢轨伤损形式主要有轨头磨耗、轨头接触疲劳裂纹（又称鱼鳞纹）及掉块、擦伤、硌伤、波形磨耗、表面裂纹、内部裂纹和锈蚀等；钢轨伤损按程度分为轻伤、重伤和折断三类。
简答题,作业负责人在作业中必须严格遵守哪些规定？,作业负责人在作业中应严格按批准的作业计划或作业方案作业，随时掌握进度与质量，监督作业人员执行作业方案和各项安全规定，消除不安全因素，并保持与现场防护员联系。
简答题,在同一地点同时更换两股钢轨时，导线如何设置？,在同一地点同时更换两股钢轨时，无论该地段接触网是否停电，换轨前必须在被换钢轨两端的左右轨节间横向各设一条截面不小于70mm2的铜导线，在被换一股钢轨两端轨节间纵向安装一条截面不小于70mm2的铜导线。导线两端用夹具牢固夹持在相邻的轨底上。
简答题,钢轨折断，当断缝不大于30mm时应进行紧急处理，简述紧急处理流程？,当断缝不大于30mm时，可在断缝处上夹板或臌包夹板，用急救器加固，拧紧断缝前后各50m范围内的扣件，并派专人看守，按不超过45km/h速度放行列车，且邻线限速不超过160km/h。紧急处理后，应在断缝两侧轨头非工作边做出标记（标记间距一般为26m），并准确丈量两标记间距离和轨头非工作边一侧断缝值，作好记录。
简答题,轨道质量指数（TQI）管理值分几级管理？各级管理值的含义？,"TQI管理值见表6.3.4。TQI按Ⅰ级、Ⅱ级、Ⅲ级进行管理。
Ⅰ级管理值：为大型养路机械捣固维修、无砟轨道成段精调等作业的验收质量管理标准。
Ⅱ级管理值：为安排轨道维修计划的质量管理标准。
Ⅲ级管理值：为保持线路质量稳定均衡，超过时应及时进行维修的质量管理标准"
简答题,无砟轨道精调作业程序是什么？,"1. 精调时先确定基准轨，将基准轨轨向、高低调整到位后，再依据基准轨通过轨距、水平调整另一股钢轨。
2. 精调作业完成后，应复核几何尺寸、扣件扭矩，记录调整区段的调高垫板、轨距挡板、绝缘轨距块规格，建立台账。"
简答题,线路质量评定验收形式有哪些？,1.作业验收按照“自检、回检、抽检”三级验收制度，作业后各项指标达标；2.动态通过次日确认车添乘，对前一天作业地点进行作业质量复核；3.线路设备保养质量评定；4.线路设备状态评定。
简答题,在电气化铁路线路上起道作业应遵守哪些规定？,两股钢轨同时起道时，一次作业起道量不得超过30mm，且两股钢轨起道量相差不得超过7mm；一股钢轨起道时，一次作业起道量不得超过7mm。起道量超出上述规定时，应事先通知供电部门调查确认接触网设备调整工作量并配合作业。
简答题,探伤检查发现钢轨、焊缝重伤应怎样处理？,探伤检查发现钢轨重伤时，应及时切除重伤部分，实施焊复。探伤检查发现焊缝重伤时，应及时组织加固处理或实施焊复。
简答题,发现胶接绝缘接头拉开时，应怎样处理？,胶接绝缘接头拉开时，应立即复紧两端各50m线路的扣件，限速不超过160km/h，并及时进行永久处理。
简答题,无砟轨道防胀期，天气预报日最高气温达到38°C及以上或连续3-5天日最高气温达到35°C及以上时，工务设备管理单位应执行哪些内容？,"工务段根据管内实际情况发布高温预警,安排高温专项排查，每3天检查一遍,必要时进行高低、轨向的检查,其中未整治的B、 C级病害处所应重点关注病害发展变化情况,防胀重点区段应加强检查。若日最高气温连续 14天达到 35°C及以上时,每2天检查一遍。
预警启动后实时分析车载式线路检查仪数据 ,在 每天
11:00~16:00高温时段安排不少于 3趟 添乘检查,并做好便携式
添乘仪新增偏差数据的综合分析"
简答题,胀轨跑道防治方法？,"一、 当线路连续出现碎弯并有胀轨迹象时，应限制列车运行速度或封锁线路，并尽快组织处理。
二、 作业中如出现轨向、高低不良时，必须停止作业，并及时采取防胀措施。
三、 发现胀轨跑道时应立即封锁线路进行处理。"
简答题,精测网复测周期?,精测网应定期复测，复测周期不宜超过3年，具体复测周期由铁路局集团公司根据线路沉降、地质条件等情况确定。
简答题,线路设备图表哪些内容？,线路设备图表包括信息系统数据库及汇总表、综合图、车站配线图（含相关数据表格）、枢纽图、铁路局集团公司线路示意图等技术资料
简答题,工务部门确认车添乘人员的职责包括那些方面？,"答：①确认天窗后线路质量是否满足动车组正常开行；②确认路材路料是否按要求堆码整齐并清出限界；③确认施工机具是否全部清理完毕；④确认防护栅栏网等防护设施是否完好；⑤确认限速处所是否按照规定设置限速标志；⑥确认路基、路堑护坡是否有危及行车安全的现象等；⑦确认是否存在危及安全和影响行车的其他事项。 
"
简答题,绝缘接头应满足哪些技术要求？,"一、绝缘接头应符合《钢轨胶接绝缘接头》（TB/T 2975）规定。
二、钢轨端面与绝缘端板之间应密贴，间隙不应大于1mm。
三、绝缘接头螺栓、夹板与扣件不得接触。
四、左右两股钢轨绝缘接头应相对铺设，且绝缘接头轨缝绝缘端板距轨枕承轨台边缘不宜小于100mm。
五、胶接绝缘接头不宜设置在小阻力扣件地段，距桥台边墙和混凝土梁温度跨度80m、钢梁温度跨度60m及以上的梁端不宜小于2m。
六、胶接绝缘接头宜采用现场胶接，胶接绝缘接头与焊接接头间距，正线不应小于20m，道岔间困难条件下不应小于12m，站线困难条件不应小于6m，道岔按设计进行配轨。"
简答题,请写出无缝线路道岔位移观测桩设置要求。,无缝道岔岔头、限位器（或间隔铁）、岔尾（含直、曲股），以及无缝道岔管理单元（一般车站咽喉区分为四个单元）两端道岔外方50m、200m处设置钢轨位移观测桩。
简答题,请写出无缝线路锁定轨温相关要求。,无缝线路相邻单元轨节之间锁定轨温之差不应大于5℃，同一区间内单元轨节最高与最低锁定轨温之差不应大于10℃（长隧道除外）；左右股钢轨锁定轨温之差，允许速度160km/h以上线路不应大于3℃，允许速度160km/h及以下线路不应大于5℃。
判断题,集团公司林业主管部门（工务处）应每年二季度组织有关部门和单位对沿线树木进行一次全面检查，做出记录，对影响信号显示的树木按规定及时处理。,N
判断题,新建线路及道岔未经验收需取送工程用料车辆时，事前施工单位应向集团公司书面申请，写明线路对机型、运行速度等限制及注意事项，经集团公司施工管理部门批准后执行。取送车辆时，调车及安全工作由设备管理单位负责。,N
判断题,准备进路时，由应急行车小组人员和电务人员负责摇动道岔和道岔加锁，工务人员负责道岔紧固。,Y
判断题,综合维修基地、网工区非电气集中道岔清扫由管理、使用单位负责。涉及几个单位共用时，由电务部门负责清扫并制定具体办法。,N
判断题,“非铁路作业人员禁止进入”的警示标志，在区间由工务段、站内由车站设置，并由设置单位负责日常管理。,Y
判断题,25m及以下钢轨的更换与回收可于次日完成。,N
判断题,Ⅱ级维修负责人由工(班)长担当。,Y
判断题,WJ-7型扣件安装铁垫板时，轨底坡方向应朝向轨道外侧。,N
判断题,客专线道岔尖轨闭合状态下，单辊轮及双辊轮中的内侧辊轮与尖轨轨底侧面的空隙应为1～2mm。,Y
判断题,波形磨耗谷深为相邻波峰与波谷间的垂直距离。,Y
判断题,不需调整图定跨局旅客列车开行（含确认列车）的站场改造、新线引入、换梁、上跨铁路结构物施工属于Ⅲ级施工。,N
判断题,采用长钢轨运输车在无砟轨道区段卸轨时，应采取措施防止损坏无砟轨道结构和应答器、电磁感应器、过道电缆、补偿电容等行车设备。,Y
判断题,参加确认列车添乘工作的人员，应具备1年以上的专业工作经历，经过高速铁路相关知识培训并考试合格。,N
判断题,侧面磨耗在钢轨踏面（按标准断面）下16mm处测量。,Y
判断题,岔后到发线连接曲线半径不应小于该道岔导曲线半径，超高不应大于25mm。,N
判断题,岔后到发线连接曲线半径不应小于该道岔导曲线半径，顺坡率不应大于1‰。,N
判断题,车站、线路所得道岔长期仅开通一个方向使用时，由工务部门对该道岔尖轨和心轨进行紧固，电务部门确认道岔尖轨与心轨密贴状态，同时切断室内外相关转辙机控制电源，车务部门确认进路正确后加锁。工务部门每半月利用天窗时段进行一次检查。,N
判断题,车站、线路所得道岔长期仅开通一个方向使用时，由工务部门对该道岔尖轨和心轨进行紧固，电务部门确认道岔尖轨与心轨密贴状态，同时切断室内外相关转辙机控制电源，车务部门确认进路正确后加锁。工务部门每周利用天窗时段进行一次检查。,Y
判断题,成段更换钢轨或扣件放行列车第一列限速45km/h，第二列限速80km/h，第三列限速120km/h，第四列起限速160km/h至下次天窗点。,Y
判断题,成段更换钢轨时，新、旧长钢轨在线路上存放时应采取可靠的安全措施且存放原则上不得超过8天。,N
判断题,垂直磨耗在钢轨顶面宽1/2处（距标准工作边）测量。,N
判断题,WJ-8型弹条安装时中部前端下颚与绝缘轨距块不宜接触，两者间隙不得大于0.5mm。,Y
判断题,当洪水未超过轨面100mm时，列车应以不超过45km/h的速度运行并报告车站,N
判断题,当设备发生故障，需在双线区间的一线上道检查、处理设备故障时，邻线列车接近前，防护人员通知现场作业负责人停止作业。,Y
判断题,当雨量报警监测点1h降雨量降至20mm及以下，且持续30分钟以上时，可立即解除限速。,N
判断题,道岔发生故障时，仅需电务部门对道岔故障进行检查，根据道岔故障检查情况，采取相应处理措施。,N
判断题,间隔铁及限位器的联结螺栓、护轨螺栓、长短心轨联结螺栓、接头铁螺栓必须齐全，作用良好，折断时必须立即更换。同一部位同时有两个螺栓缺少或折损，或接头铁螺栓有一个缺少或折损时，道岔应停止使用。,Y
判断题,尖轨尖端至第一牵引点与基本轨或可动心轨尖端至第一牵引点与翼轨间隙大于1mm应进行修理。,Y
判断题,非铁路作业人员禁止进入的警示标志，在区间由工务段、站内由车站设置，并由设置单位负责日常管理。,Y
判断题,动车组列车运行途中，当发现积水高于轨面时，应立即停车并报告列车调度员，确认水面位置。,Y
判断题,对处于使用状态的行车设备，严禁进行维修作业,Y
判断题,对行车间隔较长的时间段，可以利用行车间隔进行作业而不必申请天窗。,N
判断题,发现道岔尖轨、基本轨、可动心轨、翼轨折断时应立即封锁线路，进行处理。,Y
判断题,发现钢轨折断时应立即限速。,N
判断题,发现绝缘失效时应立即进行临时处理并于当日天窗时间内进行永久处理,Y
判断题,发现无砟轨道上拱或下沉时，应立即限速处理。,N
判断题,发现胀轨跑道时应立即限速。,N
判断题,"凡经集团公司批准的施工项目，施工单位应于施工前向需配合的单位发出""施工配合通知书""，协商制定作业办法和安全措施，配合单位应保证施工按期进行。",Y
判断题,凡影响行车的施工维修，均应设置防护。,Y
判断题,分动外锁闭道岔铺设后应指定加锁、紧固位置，并做好标记。,Y
判断题,风、雨、雪、异物采集设备与监控单元间：现场轨旁控制箱外电缆进线端100m处为界，该点往轨旁控制箱侧由工务部门负责维护，往监控单元侧由通信部门负责维护。,N
判断题,封锁区间施工时，施工负责人应确认已做好一切施工准备，在任何情况下都必须按批准的施工计划执行。,N
判断题,无缝线路应力放散属于维修项目。,N
判断题,轨道控制网（CPⅢ）由工务部门负责管理。,Y
判断题,钢轨顶面上有长度大于30mm且深度大于5mm的掉块时按钢轨折断处理。,Y
判断题,钢轨伤损按程度分为轻伤、轻伤发展和重伤三类。,N
判断题,钢轨折断断缝35mm时可进行紧急处理。,N
判断题,高速铁路工务安全规则适用于160km/h及以上铁路和160km/h以下仅运行动车组列车的铁路。,N
判断题,高速铁路工务安全规则适用于200km/h及以上铁路和200km/h以下仅运行动车组列车的铁路。,Y
判断题,高速铁路固定设备的临时上道检查、故障抢修作业在《行车设备检查登记簿》内登记完成后即可上道作业。,N
判断题,高速铁路技规适用于250km及以上的铁路和200km以下仅运行动车组列车的铁路。,N
判断题,高速铁路可动心轨辙叉，翼轨跟端设两块间隔铁，间隔铁采用全断面接触加长型间隔铁，并采用焊接型式。,N
判断题,高速铁路施工、维修作业天窗结束后，第一趟可以开行载客的动车组列车。,N
判断题,高速铁路施工作业和维修作业，本线和邻线均需设置作业标。,N
判断题,"高速铁路通道门应加锁，在外侧设置""非铁路作业人员禁止进入""警示标志及信息牌。设置的通道门由集团公司工务部门统一编号并公布。铁路工务、电务、车务、供电等部门因作业需要增设通道门时，按照""谁使用，谁申请，谁管理""的原则，由使用单位提出申请报集团公司工务部门批准，站区内还应经车务部门批准，并与栅栏设备管理单位和属地铁路公安部门办理书面手续后方可设置。",Y
判断题,高速铁路应严格实行天窗修制度。天窗时间应固定，一般不得少于180min。,N
判断题,高速铁路正线设计行车速度350km/h区段，最小坡段长度一般应不小于1200m，困难条件下不得小于900m。,N
判断题,仅运行旅客列车的线路车站两端曲线超高设置：当V≤160km/h时，过超高一般不大于90mm，困难条件下不大于110mm。,Y
判断题,仅运行旅客列车的线路曲线超高应优先满足本线直通列车的旅客舒适度要求，无砟轨道最大值不得超过150mm。,N
判断题,高铁线路曲线未被平衡过超高应不大于70mm。,Y
判断题,高铁线路曲线未被平衡欠超高一般应不大于75mm，困难条件下不大于90mm。,N
判断题,高铁正线道岔接头应全部焊接。,N
判断题,高铁正线相邻坡段坡度差大于或等于2‰时，应设置圆曲线型竖曲线连接。,N
判断题,高铁正线及到发线应采用跨区间无缝线路.,Y
判断题,高铁正线最大竖曲线半径不应大于35000m。,N
判断题,高铁正线最小竖曲线长度不得小于50m。,N
判断题,各设备管理单位遇设备故障、救援抢修等需进入通道门可以不需调度命令，但是作业负责人必须与驻站(或驻所)联络员联系确认(有看守人员的应办理相关手续)后，作业人员方准进入通道门。,N
判断题,工务部门使用的临时回流连接线须用截面积不小于70mm²的软铜线制成，不得出现断股、散股，一经发现立即停用或报废。,Y
判断题,工务部门需更换钢轨、辙叉心、鱼尾板等工作时，必须事先联系电务部门配合。,Y
判断题,工务部门应定期组织有资质的测绘单位对CPⅢ桩点进行复测，测量CPⅢ桩点高程、平面位置的变化情况。,Y
判断题,工务部门应掌握天气预报，遇有降雪时应立即报告调度，并随时监控积雪厚度和雪情变化。,Y
判断题,工务部门应掌握天气预报，遇有降雪应及时报告集团公司工务调度员。,Y
判断题,工务部门在道岔转辙部分作业(改道、起道、拨道、拉轨匀缝等)，无需电务部门配合。,N
判断题,工务负责联锁道岔的密贴调整工作。,N
判断题,轨道精调属于维修项目。,Y
判断题,电气化铁路竣工时，由施工单位在接触网支柱内缘或隧道边墙标出线路的轨面标准线，开通前供电、工务单位要共同复查确认，有砟轨道每年复测一次，复测结果与原轨面标准线误差不得大于±30mm。,Y
判断题,轨道控制网由工务部门管理。,Y
判断题,路基声屏障连续长度超过500m时，应根据疏散和检修要求统一设置安全通道，安全通道外边坡处应有安全同行条件。,Y
判断题,轨距挡板应与承轨槽挡肩密贴，间隙不应大于1mm。,Y
判断题,客专线道岔尖轨闭合状态下，单辊轮及双辊轮中的内侧辊轮与尖轨轨底侧面的空隙应为1～2mm；尖轨斥离状态下，尖轨轨底与滑床台上表面的间隙应为1～3mm。（CN道岔除外）,Y
判断题,滑床板损坏、变形或滑床台磨耗大于3mm，应及时更换。,Y
判断题,"基础设施实行天窗修制度，坚持""严检慎修""的原则，实现设备状态修为主的维修方式。",N
判断题,基础设施实行天窗修制度，优先采用专业维修模式。,N
判断题,尖轨被挤后，如机车车辆停在道岔上时，不得后退，应得到现场指挥人的准许，沿顺岔方向缓缓移动，将机车车辆驶过道岔。,Y
判断题,斥离尖轨非工作边与基本轨工作边的最小距离不小于65 mm与轨距加宽值之和。,Y
判断题,综合检测列车检查发现Ⅳ级偏差处所，或Ⅲ级偏差且车辆动力学指标超限处所，应根据偏差超限值立即采取限速或封锁措施。,Y
判断题,胶接绝缘接头拉开时，应立即复紧两端各50m线路的扣件，限速不超过160km/h，并及时进行永久处理。,Y
判断题,胶结绝缘接头属电务轨道电路设备。,Y
判断题,接触网支柱和站台侧面等施工或维修影响线路标志使用时，施工单位应通知工务部门派人参加。,Y
判断题,仅运行动车组列车的区间正线可不设置移动减速信号防护。,Y
判断题,仅运行动车组列车的区间正线也需设置移动减速信号防护。,N
判断题,仅运行动车组列车的站内线路或道岔可不设置移动减速信号防护,Y
判断题,紧固装置和加锁装置作为道岔备品由工务部门保管。,N
判断题,更换钢轨需拆装扼流变钢轨引线，未设置好分路电缆之前，不得将扼流变钢轨引线从钢轨上拆开。,Y
判断题,进入桥面和隧道内检查、作业、设备故障及自然灾害应急处置，应设驻调度所(驻站)联络员，现场可不设现场防护员。,N
判断题,开行路用列车运送作业人员或装卸机具、材料属于Ⅰ级维修。,Y
判断题,客专道岔尖轨相对于基本轨允许伸缩位移±30mm。,N
判断题,客专道岔可动心轨相对于翼轨允许伸缩位移±10mm。,N
判断题,列车在车站（线路所）侧向通过速度有变化时，由工务部门提出及时修改,Y
判断题,邻线来车时，靠邻线的一侧严禁卸材料。,Y
判断题,桥上道砟厚度不足150mm时，严禁捣固车捣固作业。,Y
判断题,小型养路机械、机具应专管专用，专人负责上道登记和下道清点。,Y
判断题,进行接触粉尘及有毒、易燃、易爆物品作业，高处作业，以及使用电器、机械作业等必须按规定使用劳动保护用品。,Y
判断题,起道作业一股钢轨起道时，一次作业起道量不得超过10mm，否则应通知供电部门调查确认接触网设备调整工作量并配合作业。,N
判断题,抢修作业时，邻线列车接近前，防护人员通知现场作业负责人停止作业。作业机具、材料等不得侵限，可摆放在两线间。,N
判断题,抢修作业时，邻线列车接近前，只要邻线列车限速，本线可不必停止作业。,N
判断题,桥梁上一侧拨道量年累计不得大于60mm，且应满足线路中心与桥梁中心的偏差不得大于50mm。,Y
判断题,WJ-7型扣件桥上采用小阻力扣件时使用W1型弹条。,N
判断题,装卸长钢轨，钢丝绳与挂钩、固定器等应联结牢固，人员不得站在移动前方和钢丝绳附近。,Y
判断题,区间线路的道床有积雪覆盖超过轨面处所允许卸材料。,N
判断题,确认列车负责人应携带“确认列车添乘表”和“高速铁路确认情况记录表”。各单位添乘人员须在列车开车前15min到达并在“确认列车添乘表”中签到。确认列车始发前，确认列车负责人向司机汇报添乘人员到齐，司机与列车调度员联系开车。,Y
判断题,任何情况下，禁止在钢支架人行道上放置钢轨。,Y
判断题,任何作业人员及所携带的物件、作业工器具等须与牵引供电设备高压带电部分保持2m以上的距离，与回流线、架空地线、保护线保持1m以上的距离。距离不足时，牵引供电设备必须停电，并采取安设接地线等安全防护措施。,Y
判断题,如区间道岔发生故障并与闭塞设备失去联锁时，管理站车站值班员应报告列车调度员，停止该区间的行车，并在行车设备检查登记簿内登记，通知电务、工务工区前来修理，待修复后再恢复行车。,Y
判断题,如区间道岔发生故障并与闭塞设备失去联锁时，管理站车站值班员应报告列车调度员，停止该区间的行车，并在行车设备检查登记簿内登记，通知工务工区前来修理，待修复后再恢复行车。,N
判断题,若现场防护员联系不上驻调度所(驻站)联络员，不得将线路恢复到准许放行列车的条件。,N
判断题,设计行车速度350km/h，区间及站内正线线间距不应小于5.0m。,Y
判断题,设计文件必须经有关部门审查，并按规定的审批程序批准。,Y
判断题,施工单位及设备管理单位应严格掌握开通条件，经检查满足放行列车的条件，办理开通登记后，向列车调度员申请开通区间。,N
判断题,施工负责人接到调度命令，确认施工起止时刻后即可开工，并保证在规定时间内完成。,N
判断题,施工负责人经与列车调度员(车站值班员)联系确认尽头一端无列车、轨道车时，则尽头一端可不设防护。,Y
判断题,施工维修时如因特殊情况不能按时开通区间或不能按规定的开通速度运行时，应临时要求列车调度员延长时间或限速运行。,N
判断题,施工作业地点在站外，距离进站信号机(反方向进站信号机)小于820m时，现场防护人员应站在距进站信号机处。,N
判断题,施工作业时，施工单位与设备管理单位应采取措施，保证施工作业人员与邻线列车安全，作业人员和机具须严格遵守避车制度。,Y
判断题,竖曲线（或变坡点）与缓和曲线、道岔在困难条件下可以重叠设置。,N
判断题,双线区段，在反方向进站信号机至出站道岔的线路上施工，对车站方向，在出站道岔外方基本轨接头处（对向道岔在警冲标相对处）线路上，设置移动停车信号牌（灯）防护。,Y
判断题,双线区段，在反方向进站信号机至出站道岔的线路上施工，对区间方向，以关闭的反方向进站信号机防护。,Y
判断题,双线区间两条线路施工时，只需要对其中一条线均设置移动停车信号灯即可。,N
判断题,天窗内所有影响施工路用列车运行的施工维修作业必须在施工路用列车通过后方可进行，并须在施工路用列车返回前结束。,Y
判断题,天窗修期间，施工、维修单位均要在《行车设备施工登记簿》内办理登销记。,Y
判断题,铁路轨道控制网(CPⅢ)由工务、供电部门共同负责管理。,N
判断题,铁路技术设备，均须有完整和正确反映其状态的文件及技术履历等相关资料。,Y
判断题,铁路技术设备的养护维修工作，坚持以预防为主、检查为主、预防与整治相结合的原则。,N
判断题,铁路上跨地方公路桥梁和地方桥梁上跨铁路时，因冬季结冰产生冰凌时，由工务单位负责清理。,N
判断题,铁路线两侧已经设置围墙、栅栏、防护桩等安全设施后，可不设安全保护区。,N
判断题,轨道平车和单轨小车兼备运送人员。,N
判断题,铁路应根据沿线的风速、降雨量等建立相应的自然灾害异物侵限监测系统对风雨雪等实时监测报警或预警。,Y
判断题,铁路用地应按地界线埋设安全保护区桩，其制作和埋设应符合有关标准。,N
判断题,铁路职工或其他人员发现设备故障危及行车和人身安全时，立即上线路扣停列车。,N
判断题,通道门以关闭加锁为定位。作业过程中，通道门应保持锁闭状态，否则必须安排专人看守。,Y
判断题,维修作业开始前不需限速，结束后达到正常放行列车条件，且在维修天窗时间内完成。,Y
判断题,无缝道岔设计锁定轨温应与两端区间无缝线路设计锁定轨温一致。,Y
判断题,无缝线路同一区间内单元轨节最高与最低锁定轨温之差不应大于10℃（长隧道除外）。,Y
判断题,无缝线路相邻单元轨节之间锁定轨温之差不应大于5℃。,Y
判断题,无缝线路应力放散属于维修项目。,N
判断题,允许速度160km/h以上无缝线路左右股钢轨锁定轨温之差不应大于3℃。,Y
判断题,无调度命令不得进入防护栅栏及通道门。,Y
判断题,无砟轨道板内非预应力钢筋接地由供电部门负责管理和维护。,N
判断题,下穿铁路桥梁、涵洞的道路应按照国家标准设置车辆通过限速标志和限高防护架。,N
判断题,线路换轨如需拆卸地线时，无需供电人员配合。待换轨施工结束后，须保证地线接地良好。,N
判断题,线路换轨施工如需拆卸地线时，应有供电人员配合。待换轨施工结束后，须保证地线接地良好。,Y
判断题,线路精调可以利用列车间隔进行。,N
判断题,线路上临时插入的短轨，不得短于5m，不得连续插入，且必须尽快恢复。,N
判断题,线路维修工作分为作业、经常保养和临时补修。,N
判断题,线路允许速度160km/h及其以上区段，小车仅限在天窗内使用，禁止利用列车间隔使用小车。,Y
判断题,线路允许速度小于160Km/h区段，在线路上使用小车时，使用部门必须做到专人使用，专人防护，并应保证在距离列车不少于线路最大速度等级规定的列车紧急制动距离撤出线路。,Y
判断题,线路运行速度300-350km/h区段取消大雨限速申请后，当限速120km/h时，第一趟列车提速至200km/h，第二趟列车恢复至常速。,Y
判断题,线路运行速度300-350km/h区段取消大雨限速申请后，当限速45km/h时，第一趟列车提速至120km/h，第二趟列车提速至200km/h，第三趟列车恢复至常速。,Y
判断题,线路状态未恢复到准许放行列车的条件，禁止撤除防护、放行列车。,Y
判断题,钢轨打磨时，其他人员应远离打磨后方。,N
判断题,需临时拆除防护栅栏时，仅需派人昼夜看守。,N
判断题,需人工上道除雪时，上、下道应执行登记签认制度。,Y
判断题,汛期一旦发生灾害，积极组织抢修尽快恢复争取不中断行车或减少中断行车时间。,Y
判断题,一切建（构）筑物、设备，均不得侵入铁路建筑限界。,Y
判断题,因大、中修施工需变动站内和区间线路平面及纵断面时，应经总公司审核批准。,N
判断题,因施工需铺设拆除站内线路、道岔，以及临时变更或停止使用信号设备连锁关系时，应由施工单位向设备管理单位提出书面申请。,N
判断题,因施工原因需临时拆除封闭栅栏时，当设置好临时防护设施后，无重要物品情况下可不必派人看守。,N
判断题,因新建、改建工程等发生行车设备变化时，施工单位应在设备开通前30天向设备管理单位、使用单位、集团公司业务处提供相关技术资料。设备管理单位对施工单位提供的技术资料应及时审核，在开通后15天内，将经过审核、修改的技术资料并提供给使用单位。,Y
判断题,有发生塌方、落石、断道等自然灾害的防洪重点处所，在每年防洪、防台期前由集团公司公布。,Y
判断题,临时拆除防护栅栏时，在开口处悬挂警示标志，设置临时防护设施，并派专人昼夜看守。,Y
判断题,遇有暴风雨雪天气或地震，工务、电务、供电等设备管理单位应加强对重点地段和设备的检查。,Y
判断题,运营速度为250km/h及以下铁路，如确需采取V形天窗，V形天窗时段邻线限速不超过200km/h。,N
判断题,在尽头线上施工，施工负责人经与列车调度员(车站值班员)联系确认尽头一端无列车、轨道车时，尽头一端仍需要设置防护。,N
判断题,在尽头线上施工，施工负责人经与列车调度员(车站值班员)联系确认尽头一端无列车、轨道车时，则尽头一端可不设防护。,Y
判断题,在进站道岔上施工，对区间方向，以关闭的进站信号机防护，不需设置移动停车信号牌(灯)。,Y
判断题,在进站道岔外方线路上施工，对车站方向，以关闭的进站信号机防护。,N
判断题,在进站道岔外方线路上施工，对区间方向，不需设置移动停车信号牌(灯)，以关闭的进站信号机防护。,Y
判断题,在进站道岔外方线路上施工，对区间方向，在进站道岔外方基本轨接头处(顺向道岔在警冲标相对处)线路上，设置移动停车信号牌(灯)防护。,N
判断题,在距离牵引供电设备高压带电部分2m以外，与回流线、架空地线、保护线1m以外，临近铁路营业线作业时，牵引供电设备可不停电，但需按照铁路营业线施工安全管理有关规定执行。,Y
判断题,在确认工程符合技术标准、设计文件的要求可进行交接，竣工文件和技术设备使用说明书等资料可后期陆续检查。,N
判断题,在设置好防护后的天窗作业，可在路用列车通过前进行，通过时做好防护。,N
判断题,铁路线路安全保护区内既有的建筑物、构筑物危及铁路运输安全的，应当采取必要的安全防护措施。,Y
判断题,在天窗时间外，检查人员发现影响行车安全的隐患时需要上道处理时，可不必申请限速或封锁线路。,N
判断题,在同一地点同时更换两股钢轨时，无论该地段接触网是否停电，换轨前必须在被换钢轨两端的左右轨节间横向各设一条截面不小于70mm²的铜导线。,N
判断题,在异物侵限系统故障未修复前，设备管理单位须派人在现场24小时不间断看守。,Y
判断题,在站内道岔上施工，如一端距离外方道岔小于50m时，将有关道岔扳向通往施工地点的位置，并加锁或紧固。,N
判断题,在站内线路上施工时，将施工线路两端道岔扳向不能通往施工地点的位置，并加锁或紧固，可不设置移动停车信号牌（灯）。,Y
判断题,站内线路施工时，将施工线路两端道岔扳向不能通往施工地点的位置，并加锁或紧固，可不设置移动停车信号牌（灯）。,Y
判断题,辙岔号为12号及以上的分动外锁闭道岔无表示时，除按规定加锁外，还应通知工务工区紧固。,N
判断题,驻调度所(驻站)联络员应使用有录音回放功能的通信工具或录音笔。,Y
判断题,在隧道内处理松动衬砌及翻修衬砌时，必须有预防塌落伤人的安全措施。,Y
判断题,综合检测列车对线路局部不平顺采用TQI进行评定。,N
判断题,综合检测列车对整体不平顺采用偏差扣分办法进行评定。,N
判断题,综合维修基地、网工区、段管线停留的机车车辆，由管理、使用单位负责防溜措施的设置和撤除（车站担当取送作业时除外）。,Y
判断题,工务部门应建立工务段、车间二级应急处置体系，强化应急处置能力，及时做好工务设备故障和自然灾害的应急处置。,N
判断题,当设备发生故障，需在双线区间的一线上道检查、处理设备故障时，本线应封锁、邻线列车限速45 km/h及以下。,N
判断题,设备故障处理后的放行列车条件由列车调度员确定。,N
判断题,作业负责人由作业单位按照施工和维修等级安排相应人员担任。Ⅰ级施工由车间主任（副主任）担当，Ⅱ级施工由施工单位分管副职担当，Ⅲ级施工由施工单位段领导担当。,N
判断题,轨道动态几何不平顺的检测项目包括高低、轨向、轨距、水平、三角坑、复合不平顺、轨距变化率、车体垂向和横向振动加速度等。,Y
判断题,高速铁路V形天窗，经电务人员允许，可拆除与贯通地线连接的各种接地线。,N
判断题,驻调度所（驻站）联络员应及时向工长传达调度命令。,N
判断题,60kg/m钢轨高度为176mm，质量约为60kg/m。,Y
判断题,钢轨螺栓孔边缘应予倒棱，尺寸为0.8mm-1.5mm，角度为60º。,N
判断题,侧面磨耗在钢轨踏面（按标准断面）下12mm处测量。,N
判断题,总磨耗＝垂直磨耗＋1/2侧面磨耗。,Y
判断题,钢轨钻孔位置应在螺栓孔中心线上，且必须倒棱。两螺栓孔净距不得小于大孔径的3倍。,N
判断题,严禁在钢轨（道岔轨件）的任何部位刻痕、焊接附件，严禁锤击轨底。,Y
判断题,高速铁路正线有砟道床边坡坡率1:1.75。,Y
判断题,高速铁路无砟道床伤损等级分为Ⅰ级、Ⅱ级。,Y
判断题,CRTS双块式无砟轨道路基地段曲线超高道床板上设置。,N
判断题,高速铁路道岔按功能可分为正线道岔、渡线道岔和联络线道岔三种类型。,Y
判断题,单向调节器由基本轨、尖轨、铁垫板总成、轨枕或轨道板组成。,Y
判断题,钢轨伸缩调节器基本轨工作边提供轨距线，其基本轨伸缩，尖轨锁定。,N
判断题,客专线18号道岔全长为59m。,N
判断题,客专线18号道岔导曲线线型为单圆曲线、半径为1100m。,Y
判断题,客专线道岔尖轨跟端传力结构采用限位器或间隔铁两种结构形式。,Y
判断题,客专线道岔尖轨闭合状态下，单辊轮及双辊轮中的内侧辊轮与尖轨轨底侧面的空隙应为1～2mm。,Y
判断题,客专道岔辊轮槽排水孔应保持畅通。,Y
判断题,防跳限位装置是客专线道岔防止尖轨闭合状态下跳动的一种防跳设备。,N
判断题,客专线18号道岔直向部设置护轨。,N
判断题,客专线18号道岔导曲线支距1—16点每2m设一个测点。,Y
判断题,CN18号道岔采用圆曲线线形，导曲线半径为1100m。,Y
判断题,《高速铁路线路维修规则》规定：道岔可动心轨辙叉伤损时，宜整体更换。,Y
判断题,《高速铁路线路维修规则》规定：道岔尖轨或基本轨伤损时，宜同时更换尖轨和基本轨。,Y
判断题,钢轨伸缩调节器由基本轨、尖轨、扣件系统、轨枕等组成。,Y
判断题,钢轨伸缩调节器按伸缩方向分成单向调节器和双向调节器两种类型。,Y
判断题,客专线18号高速道岔尖轨不足位移主要体现在静态尖轨侧弯，轨距偏小，顶铁离缝。,Y
判断题,钢轨内部温度力为零时的轨温叫做设计锁定轨温。,N
判断题,"高速铁路无缝线路方向不良，碎弯多,应进行拨道处理。",N
判断题,高速铁路常用钢轨焊接修复应积极采用闪光焊轨车和气压焊轨车进行焊接。,Y
判断题,高速铁路钢轨铝热焊焊缝距轨枕边缘不应小于300mm。,N
判断题,高速铁路无缝线路左右两股钢轨绝缘接头应相对铺设，且绝缘接头轨缝绝缘端板距轨枕承轨台边缘不宜小于100mm。,Y
判断题,高速铁路线路维修应按照“预防为主、防治结合、严检慎修”的原则。,Y
判断题,高速铁路线路计划维修主要内容无缝线路钢轨位移、调节器伸缩量及状态巡视和分析。,N
判断题,线路设备检查应坚持“动态检查为主，动、静态检查相结合，外观检查与几何尺寸检查并重”的原则。,N
判断题,动态检查应以综合检测列车和轨检车检测为主要依据。,N
判断题,道岔的结构及联结零件巡视每日不少于一遍。,N
判断题,线路动态检查周期：综合检测列车轨道几何检测原则上每半月检查1遍。,Y
判断题,正线轨道几何尺寸检查，无砟轨道每年不少于1遍，重点地段应加强检查。,Y
判断题,钢轨探伤评判分轻伤、轻伤发展和重伤三种。,N
判断题,钢轨打磨后应及时清除打磨车上的打磨铁屑积块，清理钢轨表面、绝缘接头、轨枕扣件、道岔滑床板及无砟轨道上的打磨碎屑及铁屑积块，恢复作业中拆除的设备，进行道岔转换试验。,Y
判断题,为保证捣固作业质量，对薄弱处所应增加捣固次数或夹持时间。,Y
判断题,均值管理各项目偏差扣分标准：Ⅰ级每处扣1分，Ⅱ级每处扣5分，Ⅲ级每处扣100分，Ⅳ级每处扣301分。,N
判断题,精测网应定期复测，复测周期不宜超过3年,Y
判断题,高速铁路的信号标志包括（与工务有关）：警冲标、百米标、动车组列车停车位置标等。,N
判断题,《铁路安全管理条例》规定：铁路线路安全保护区城市市区高速铁路为20米。,N
判断题,速度160Kmh以上区段，线路、接触网封锁施工开通后，第一趟列车不准为动车组列车。,N
判断题,动车组车轮踏面硌伤不超限时的处置：当排查出硌伤动车组运行径路时，该径路上后续已运行过列车且未得到运行中发生晃车或车辆下部异音报告的区间或站内股道，设备管理单位应利用天窗时段对硌伤动车组运行径路上的线路进行重点检查。,Y
判断题,.动车组车轮踏面硌伤不超限时的处置：当排查出硌伤动车组运行径路时，该径路上后续未运行过列车的区间或站内股道，工务段应根据工务工区设置位置和工务人员配备等具体情况申请开行排查列车或上道检查。此时，该径路上后续未运行过列车的线路仍准许运行列车。,Y
判断题,行人挡道造成停车，若发现闲杂人员的，应询问进入地点并检查设备是否存在问题，并将闲杂人员带离封闭区；未发现闲杂人员的按事发地前后不少于2km进行设备检查。同时检查2km内钢轨状态。,N
判断题,当监测终端上异物网变为黄色时，表明：异物网单电网故障；当监测终端上异物网变为红色时，表明两种情况：异物侵限报警或异物网双电网故障。,Y
判断题,列车调度员发现异物侵限监测子系统红网报警时，应立即通知工务段调度，工务段通知信息、通信等设备管理单位，按规定委托工务调度员在运统－46《行车设备检查登记簿》内登记。,N
判断题,轨道电路红光带故障，检查人员检查时，必须对左右股钢轨进行仔细巡查，直至发现断轨点或查明故障原因为止。故障原因不明、红光带未消失，检查人员必须继续查找，直至确认故障原因，检查人员方可撤回。,Y
判断题,水漫路肩时，先限速25Km/h及以下（无砟轨道高速铁路限速120Km/h及以下），派人看守监护，并根据现场情况调整速度。,Y
判断题,凡在路局施工（维修）日计划中公布的项目，均应在行车设备施工登记簿内办理登销记；其他作业项目均应在行车设备检查登记簿内办理登销记。,Y
判断题,施工、维修作业因特殊情况不能按时完工需要延点时，相关施工（维修）单位应提前40分钟通知车站行车人员（列车调度员），提前30 分钟完成延点登记，车站行车人员应立即报告列车调度员（车站调度员或规定的人员），并办理相关申请手续。,N
判断题,施工、维修、检查、故障处理在车站办理登销记时，作业点在区间时，单线及双线垂直天窗作业应在开下行列车的车站办理。,Y
判断题,施工、维修、检查、故障处理在车站办理登销记时，双线V 型天窗作业应在向区间正方向发车端的车站办理（施工、维修计划中注明在另一端车站办理登销记。,Y
判断题,发现设备存在隐患，需其他专业配合抢修时，应由主体单位牵头，提前通知配合单位和车站，并分别办理登记。,Y
判断题,司机发现不能自动过分相时，应立即采取手动过分相，并报告列车调度员，列车调度员接到报告后，通知后续列车注意运行，通知供电、工务段检查处理，在《行车设备检查登记簿》内登记。,Y
判断题,工务段负责对安装有地面磁感应器的磁轨枕的管理，将地面感应器纳入检查范围。,Y
判断题,施工单位于施工前3日将施工日计划申请报铁路局主管业务处，经主管业务处审核。,Y
判断题,遇有暴风雨雪天气或地震，工务、电务、供电等设备管理单位应加强对重点地段和设备的检查。,Y
判断题,线路允许速度120km/h及其以上区段，小车仅限在天窗内使用，禁止利用列车间隔使用小车。,N
判断题,胶接绝缘接头拉开时，应立即复紧两端各50 m线路的扣件，限速不超过160km/h，并及时进行永久处理。,Y
判断题,设备管理单位遇设备故障、救援抢修等需进入通道门可以不需调度命令，但是作业负责人必须与驻站（或驻所）联络员联系确认（有看守人员的应办理相关手续）后，作业人员方准进入通道门。,N
判断题,高速铁路无调度命令不得进入防护栅栏及通道门。,Y
判断题,高速铁路的线路标志包括：公里标、半公里标、警冲标。,N
判断题,特殊作业项目。是指受天窗条件制约，无法通过工务自身生产组织调整完全纳入天窗点内实施的上道作业项目。,Y
判断题,各单位添乘人员须在列车开车前15min到达并在“确认列车添乘表”中签到。,Y
判断题,大型工程机械施工时应按一机一人设置专人防护，列车接近前应停止作业。停工时机械停放安全地点后，防护员方准离开现场。,Y
判断题,同一登记站登记的施工（维修）作业，各作业单位应分别指定1名现场防护员担当现场主防护员，负责与车务应急值守人员、现场防护员进行防护联络。,Y
判断题, 需调整的次日维修作业计划原则上应在日计划下达前完成。特殊原因确需调整时，在不与其他施工及维修作业产生冲突的前提下，由调整维修计划的设备管理单位14:00前报集团公司分管业务部门审核，经施工办施工调度室同意后修正、下达。,Y
判断题,高速铁路当积水未超过轨面100mm时，司机以随时能够停车速度（最高不超过20km/h）通过积水地段。,Y
判断题, 故障处理后需要现场看守时，如需在路肩、桥梁作业通道、隧道救援通道看守检查时，应设现场防护员，本线列车限速120km/h及以下，看守检查人员可在本线一侧路肩、桥梁作业通道、隧道救援通道检查，且不得侵入铁路建筑限界。,N
判断题,高速铁路区段，应于施工（维修）点前 40min 完成登记手续。,Y
判断题,应急处置实行24 h值班制度。,Y
判断题,.风、雨、雪、异物采集设备与监控单元间：现场轨旁控制箱外电缆进线端100mm处为界，该点往轨旁控制箱侧由工务部门负责维护，往监控单元侧由通信部门负责维护。,Y
判断题,工务施工作业项目分为“上道作业项目、上线作业项目、线 下作业项目、特殊作业项目”四类。,Y
判断题,对突发性设备故障、灾害的紧急抢修及轨道状态超过临时补修标准和重伤设备处理等需临时封锁要点的施工，按规定程序办理。,Y
判断题,高速铁路天窗时间原则上不应少于300 min，且宜采用垂直天窗。,N
判断题,禁止在桥梁周围堆载矿物、砂石等重物，不得挖沙取土，不得抽取地下水，不得修建垃圾场、废品场。,Y
判断题,铁路线路安全保护区内既有的建筑物、构筑物危及铁路运输安全的，应当采取必要的安全防护措施；采取安全防护措施后仍不能保证安全的，依照有关法律的规定予以拆除。,Y
判断题,铁路、道路两用桥由所在地铁路运输企业和道路管理部门或者道路经营企业不定期检查、共同维护，保证桥梁处于安全的技术状态。,N
判断题,损坏或非法占用铁路线路、铁路标志等设施设备和铁路路基、护坡、排水沟、防护林木、护坡草坪、铁路线路封闭网及其他铁路防护设施影响铁路安全的行为。,Y
判断题,铁路隧道顶上的山坡地由铁路运输企业进行整治。,N
判断题,跨河桥长 500m 以上的铁路桥梁，河道上游500m，下游3000m；跨河桥长100m 以上不足 500m 的铁路桥梁，河道上游 500m，下游 2000m；跨河桥长不足 100m 的铁路桥梁，河道上游500m，下游1000m，进行采砂、淘金。,Y
判断题,使用钢轨探伤车对正线钢轨每年探伤不少于8遍。,N
填空题,正线有砟道床断面尺寸：速度等级为200＜v＜250km/h、250≤v≤300km/h，厚度不小于<--NRC-->mm。,350
填空题,《高速铁路线路维修规则》规定：不得对转辙器滑床台涂油，辙叉滑床台可涂固体润滑剂。各部位螺栓<--NRC-->时不得污染橡胶垫板、弹性铁垫板（弹性基板）和岔区道床。,涂油
填空题,《高速铁路线路维修规则》规定：叉跟尖轨尖端与短心轨间隙大于<--NRC-->mm，应及时进行修理或更换。,1.5mm
填空题,《高速铁路线路维修规则》规定：对检查发现的超过临时补修偏差管理值的处所应<--NRC-->。,及时处理
填空题,《高速铁路线路维修规则》规定：尖轨、可动心轨侧弯，造成轨距不符合要求，或尖轨与基本轨、可动心轨与翼轨间隙超过<--NRC-->时，应进行修理或更换。,2mm
填空题,《高速铁路线路维修规则》规定：尖轨、可动心轨拱腰造成与滑床台间隙超过<--NRC--> mm，应及时进行修理或更换。,2mm
填空题,《高速铁路线路维修规则》规定：尖轨尖端至第一牵引点与基本轨或可动心轨尖端至第一牵引点与翼轨间隙大于<--NRC-->mm，应及时进行修理或更换。,1mm
填空题,《高速铁路线路维修规则》规定：尖轨相对于基本轨降低值、心轨相对于翼轨降低值偏差超过<--NRC-->mm，且对行车平稳性有影响，应及时进行修理或更换。,1mm
填空题,《高速铁路线路维修规则》规定：道岔<--NRC-->检查周期：正线、到发线道岔每月不少于1遍，其他站线道岔每季不少于1遍。,几何尺寸
填空题,《铁路技术管理规程》规定：1 h 降雨量达到<--NRC-->mm 及以上时，列车限速 45 km/h。,60
填空题,《铁路技术管理规程》规定：一切建（构）筑物、设备，均不得侵入<--NRC-->。,铁路建筑限界
填空题,《铁路技术管理规程》规定：遇有降雨天气，重点防洪地段 1 h 降雨量达到 <--NRC-->mm 及以上时，列车限速120 km/h。,45
填空题,CRTSⅠ型板式无砟道床结构由轨道板、水泥乳化沥青砂浆充填层、混凝土底座、<--NRC-->及其周围填充树脂等部分组成。,凸形挡台
填空题,CRTSⅠ型板式无砟道床曲线超高在<--NRC-->上设置。,底座
填空题,CRTS Ⅱ型板式无砟道床路基地段道床结构由轨道板、水泥乳化沥青砂浆充填层、<--NRC-->等部分组成。,支承层
填空题,CRTSⅡ型板式无砟轨道路基地段曲线超高在<--NRC-->上设置。,路基基床表层
填空题,CRTS Ⅱ型板式无砟道床桥梁地段道床结构由轨道板、水泥乳化沥青砂浆充填层、<--NRC-->、滑动层、高强度挤塑板、侧向挡块及弹性限位板等部分组成。,底座板
填空题,轨道板除<--NRC-->处以外，其他部位不得有贯通裂缝,预裂缝
填空题,Ⅰ级维修负责人由车间主任（副主任）担当（Ⅰ级维修较多时，车间主任可委托车间干部担当），Ⅱ级维修负责人由<--NRC-->担当。,工（班）长
填空题,WJ-7型扣件弹条分<--NRC-->和X2型两种。,W1型
填空题,WJ-7型扣件日常保持弹条中部前端下颚与绝缘块不宜接触，两者间隙不应大于1mm；T型螺栓参考扭矩W1型弹条为<--NRC-->N•m，X2型弹条为70～90N•m。,100～140
填空题,WJ-8型扣件日常保持弹条中部前端下颚与绝缘轨距块不宜接触，两者间隙不应大于1 mm；螺旋道钉参考扭矩W1型弹条为<--NRC-->N•m，X2型弹条为90～120N•m。,140～180
填空题,WJ-8型扣件采用铁垫板下调高垫板进行调整时， 铁垫板下调高垫板每副由两片组成，从侧面插入，厚度不得超过<--NRC-->mm。,20
填空题,安全带、安全绳应符合现行国家标准。安全带、安全绳每次使用前，<--NRC-->必须详细检查。,使用人
填空题,工务设备管理单位应派安全监护人员对由非本单位承担的影响工务设备安全的作业进行全过程监督，发现质量不合格或安全隐患时应责令施工单位立即纠正，填发“<--NRC-->”。,施工安全整改通知书
填空题,标准WJ-7型扣件钢轨左右位置调整量：<--NRC-->mm，高低调整量：－4～+26mm。,±6
填空题,标准WJ-8型扣件钢轨左右位置调整量为<--NRC-->mm，高低调整量为－4~+26mm。,±5
填空题,参加确认列车添乘工作的人员，应具备<--NRC-->以上的专业工作经历，经过高速铁路相关知识培训并考试合格。,2年
填空题,车站、线路所的道岔长期仅开通一个方向使用时，由工务部门对该道岔尖轨和心轨进行紧固，电务部门确认道岔尖轨与心轨密贴状态，同时切断室内外相关转辙机控制电源，车务部门确认进路正确后加锁。工务部门每<--NRC-->利用天窗时段进行一次检查。,周
填空题,除牵引供电专业人员按规定作业外，任何人员及所携带的物件、作业工器具等须与牵引供电设备高压带电部分保持2m以上的距离，与回流线、架空地线、保护线保持<--NRC-->m以上的距离。距离不足时，牵引供电设备必须停电，并采取安设接地线等安全防护措施。,1
填空题,打磨后接触光带应居中，且宽度为<--NRC-->。钢轨打磨面应无连续发蓝带。,20～30mm
填空题,大型工程机械施工时应按<--NRC-->设置专人防护，列车接近前应停止作业。停工时机械停放安全地点后，防护员方准离开现场。,一机一人
填空题,当断缝不大于<--NRC-->时，可在断缝处上夹板或臌包夹板，用急救器加固，拧紧断缝前后各50m范围内的扣件，并派专人看守，按不超过45km/h速度放行列车，且邻线限速不超过160km/h。,30mm
填空题,当发现钢轨内部轻伤有发展时，应采用无损加固处理。伤损加固时，应尽量使伤损部位处于<--NRC-->，严禁夹板与焊筋接触。,夹板中部
填空题,当钢轨折损严重、断缝超过30mm或紧急处理后不能及时焊复时，应切除伤损部分，在两锯口间插入长度不短于<--NRC-->的同型钢轨，轨端钻孔，安装接头夹板，用10.9级螺栓拧紧，拧紧短轨前后各50m范围内的扣件，按不超过160km/h速度放行列车。,6m
填空题,当胶结绝缘接头的轨缝拉开，工务部门必须及时拧紧接头螺栓和前后各<--NRC-->m扣件螺栓，并做好更换的准备。,50
填空题,当设备发生故障，需在双线区间的一线上道检查、处理设备故障时，本线应封锁、邻线列车限速<--NRC-->km/h及以下。,160
填空题,当雨量报警监测点1h降雨量降至20mm及以下，且持续<--NRC-->分钟以上时，可逐步解除限速。,30
填空题,当运行区段降中雪或积雪覆盖轨枕板或道砟面时，无砟轨道区段限速<--NRC-->km/h及以下。,250
填空题,当环境风速达<--NRC-->m/s及以上时，严禁动车组列车进入风区。,30
填空题,导曲线下股高于上股的限值：18号及以上道岔计划维修为<--NRC-->mm。,2
填空题,导曲线下股高于上股的限值：18号及以上道岔临时补修为<--NRC-->mm。,3
填空题,导曲线下股高于上股的限值：18号及以上道岔作业验收为<--NRC-->mm。,0
填空题,道岔故障暂不能恢复，具备放行列车条件时，根据设备管理单位登记的<--NRC-->及行车限制条件办理行车。,停用范围
填空题,间隔铁及限位器的联结螺栓、护轨螺栓、长短心轨联结螺栓、接头铁螺栓必须齐全，作用良好，折断时必须立即更换。同一部位同时有<--NRC-->个螺栓缺少或折损，或接头铁螺栓有一个缺少或折损时，道岔应停止使用。,2
填空题,道岔及其前后设置<--NRC-->对钢轨位移观测桩。,7
填空题,道岔尖轨相对于基本轨降低值、心轨相对于翼轨降低值的检查，正线、到发线道岔<--NRC-->不少于1遍，其他站线道岔每半年不少于1遍。,每季
填空题,道岔密贴调整工作中，工务负责联锁道岔转辙部分的轨距及基本轨的移动不超过限度，基本轨不横移，尖轨转动灵活、不偏斜及前后爬行不超过<--NRC-->mm。,20
填空题,线路设备状态评定应以千米为单位，满分为<--NRC-->分。,100
填空题,线路设备状态评定应以千米为单位，100～85分为<--NRC-->。,优秀
填空题,道岔质量评定应以组为单位，85（不含）～60分为<--NRC-->。,良好
填空题,电气化铁路相关作业人员<--NRC-->至少进行一次安全考试，考试合格后，方准参加作业。,每年
填空题,动车制动初速度为200km／h时，列车紧急制动距离限值为<--NRC-->m。,2000
填空题,动车制动初速度为250km／h时，列车紧急制度距离限值为<--NRC-->m。,3200
填空题,动车制动初速度为300km／h时，列车紧急制度距离限值为<--NRC-->m。,3800
填空题,动车制动初速度为350km／h时，列车紧急制度距离限值为<--NRC-->m。,6500
填空题,每千米线路动态评定标准：总扣分在50分及以内评定为<--NRC-->。,优秀
填空题,每千米线路动态评定标准：总扣分在51～300分及以内评定为<--NRC-->。,良好
填空题,每千米线路动态评定标准：总扣分在300分以上评定为<--NRC-->。,一般
填空题,正线及到发线道岔人工巡检，<--NRC-->不少于一遍。,每10天
填空题,对综合检测列车发现的Ⅳ级偏差处所，或Ⅲ级偏差且车辆动力学指标超限处所应立即采取限速或<--NRC-->措施。,封锁
填空题,正线钢轨现场焊焊接接头平直度应使用钢轨平直度测量仪检查，<--NRC-->至少检查1遍。,每年
填空题,发现钢轨折断时应立即封锁线路，并根据现场情况采取<--NRC-->、临时处理或永久处理。,紧急处理
填空题,发现牵引供电设备断线及其部件损坏，或发现牵引供电设备上挂有线头、绳索、塑料布或脱落搭接等异物，不得与之接触，应立即通知附近车站，在牵引供电设备检修人员到达未采取措施前，任何人员均应距已断线索或异物处所<--NRC-->以外。,10m
填空题,凡影响工务设备稳定、使用和行车安全的施工作业和维修作业，都必须纳入天窗，不得利用<--NRC-->进行。,列车间隔
填空题,防灾安全监控系统是<--NRC-->监测子系统、雨量监测子系统、异物侵限监控子系统、雪量监测子系统以及地震监测子系统的集成系统。,风速
填空题,非设备管理单位承担的施工或维修作业，施工或维修作业单位应与设备管理单位签订<--NRC-->。,安全协议
填空题,分动外锁闭道岔应按每副道岔配齐紧固、加锁装置。紧固装置包括密贴尖轨紧固器、斥离尖轨限位器、<--NRC-->紧固器。,可动心轨
填空题,钢轨打磨时，其他人员应远离打磨<--NRC-->，钢轨焊接时，应严格按操作规程操作，防止烫伤。,前方
填空题,钢轨打磨应以<--NRC-->为主，修理性打磨为辅。,预防性打磨
填空题,钢轨顶面上有长度大于30mm且深度大于<--NRC-->的掉块应判定为钢轨折断。,5mm
填空题,钢轨人工巡视检查<--NRC-->不少于1遍。发现钢轨光带不良、擦伤、硌伤、鱼鳞纹、磨耗、锈蚀及其他伤损时，应进行复核，伤损未处理前应加强检查。,每年
填空题,钢轨伤损按程度分为轻伤、重伤和<--NRC-->三类。,折断
填空题,钢轨伸缩调节器必须<--NRC-->、基本轨伸缩。,尖轨锁定
填空题,钢轨钻孔位置应在螺栓孔中心线上，且必须倒棱。两螺栓孔净距不得小于大孔径的<--NRC-->。,两倍
填空题,高速铁路处理设备故障需临时开行路用列车、轨道车时，由<--NRC-->提出申请，调度所值班主任(值班副主任)准许，列车调度员发布调度命令。,设备管理单位
填空题,高速铁路的线路标志包括公里标、<--NRC-->。,半公里标
填空题,高速铁路的线路平面、纵断面应每<--NRC-->年至少检查一次，由集团公司工务检测所负责。,5
填空题,高速铁路钢轨打磨分为预打磨、<--NRC-->打磨和修理性打磨。,预防性
填空题,高速铁路工务安全管理应坚持“安全第一，预防为主，<--NRC-->”的原则。,综合治理
填空题,高速铁路工务部门应建立铁路局、工务段、<--NRC-->三级应急处置体系。,车间
填空题,高速铁路工务作业分为施工作业和<--NRC-->。,维修作业
填空题,高速铁路工务作业人员应通过<--NRC-->，实行持证上岗。,业务培训和安全培训
填空题,高速铁路精测网分<--NRC-->控制网和高程控制网。,平面
填空题,高速铁路区间钢轨位移观测桩间距不应大于<--NRC-->m。,500
填空题,高速铁路全线实现<--NRC-->、全立交，非高架线路两侧按标准进行栅栏封闭。,全封闭
填空题,高速铁路施工作业和维修作业，本线和邻线均不设置<--NRC-->。,作业标
填空题,高速铁路施工作业和应纳入天窗的维修作业应在<--NRC-->进行。,天窗内
填空题,高速铁路实行<--NRC-->制度。凡影响工务设备稳定、使用和行车安全的施工作业和维修作业，都必须纳入。,天窗修
填空题,高速铁路天窗内，上道前和跨越线路时应严格遵守“<--NRC-->”和“手比、眼看、口呼”的规定，严禁抢越。,一停、二看、三通过
填空题,高速铁路天窗时间原则上不应少于<--NRC-->min，且宜采用垂直天窗。,240
填空题,超高最大值：仅运行旅客列车的线路，无砟轨道不得超过<--NRC-->mm。,175mm
填空题,应按“<--NRC-->为主，动、静态检查相结合，结构检查与几何尺寸检查并重”的原则做好线路设备检查。,动态检查
填空题,"高速铁路线路维修应按照""预防为主、防治结合、<--NRC-->的原则。",严检慎修
填空题,高速铁路需临时拆除防护栅栏时，应设置临时防护设施并派人<--NRC-->看守。,昼夜
填空题,超高最大值：有砟轨道不得超过<--NRC-->mm。,150
填空题,设计速度＞200km/h线路，应采用<--NRC-->材质、级配的碎石道砟，并应经水洗。,特级
填空题,高速铁路在线间距不足6.5m地段施工维修而邻线行车时，邻线列车应限速<--NRC-->km/h及以下，并按规定设置防护。,160
填空题,正线、到发线应采用<--NRC-->（60N）、100m定尺钢轨。200km/h及以上的铁路和200km/h及以下仅运行动车组列车的铁路应选用U71Mn G钢轨，客货共线铁路应选用U75VG钢轨。,60kg/m
填空题,速度等级200＜V＜250km/h时，高速铁路正线有砟道床砟肩堆高<--NRC-->mm。,150
填空题,速度等级250≤V≤300km/h时，高速铁路正线有砟道床砟肩堆高<--NRC-->mm。,100
填空题,高速铁路正线有砟道床砟肩宽度不小于<--NRC-->m。,0.5
填空题,高速铁路正线有砟轨道混凝土枕挡肩缺损，接近失去支承能力（缺损长度超过挡肩长度的1/2）应判定为<--NRC-->。,失效
填空题,高速铁路正线有砟轨道混凝土枕明显折断应判定为<--NRC-->。,失效
填空题,高速铁路正线有砟轨道应采用<--NRC-->混凝土枕。,Ⅲ型
填空题,高速铁路左右股单元轨节锁定焊接头相错量不宜超过<--NRC-->mm。,100
填空题,高铁精测网高程控制网分两级布设，第一级为线路水准基点控制网（基岩点、深埋水准点和普通水准点），第二级为轨道控制网（<--NRC-->）。,CPⅢ
填空题,高铁无砟轨道CPⅢ点间距离<--NRC-->m一对点。,50-70
填空题,高铁有砟轨道200-250km/h（不含）CPⅢ点间距离<--NRC-->m。,150-200
填空题,高铁有砟轨道250-300km/hCPⅢ点间距离<--NRC-->m一对点。,50-70
填空题,各单位应经常对从业人员进行<--NRC-->教育，组织学习安全规章及有关操作技术。,人身安全
填空题,各设备管理单位施工作业或遇设备故障、救援抢修等需进入通道门必须凭<--NRC-->，作业负责人必须与驻站（或驻所）联络员联系确认（有看守人员的应办理相关手续）后，作业人员方准进入通道门。,调度命令
填空题,工务部门使用的临时回流连接线须用截面积不小于<--NRC-->mm²的软铜线制成，不得出现断股、散股，一经发现立即停用或报废。,70
填空题,工务单位应根据集团公司防洪相关规定，执行降雨量(洪水位)<--NRC-->制度，做好冒雨巡查和汛期防洪地点临时看守工作，执行冒雨地面巡查、添乘检查和开行轨道车检查制度。,警戒防范
填空题,故障处理后需要现场看守时，设备管理单位应在《行车设备检查登记簿》内登记，提出<--NRC-->行车限制条件，并按规定设置防护。,本线及邻线
填空题,轨道动态几何不平顺的检测项目包括高低、轨向、轨距、<--NRC-->、三角坑、复合不平顺、轨距变化率、车体垂向和横向振动加速度等。,水平
填空题,轨道静态几何不平顺容许偏差管理值中，作业验收管理值为计划维修和临时补修作业后的<--NRC-->标准。,质量检查
填空题,基础设施实行天窗修制度，优先采用<--NRC-->模式。,综合维修
填空题,基础设施实行天窗修制度应坚持<--NRC-->的原则，实现设备状态修与预防性计划修相结合的维修方式。,严检慎修
填空题,集团公司应根据高速铁路的实际情况和季节特点，制定常见工务设备故障及自然灾害应急处置预案，定期组织<--NRC-->，并保持抢修机具状态良好、材料备品齐全有效。,应急演练
填空题,进路准备、确认的有关规定：准备进路时，应急行车小组人员、电务人员负责道岔加锁、工务人员负责道岔<--NRC-->。,紧固
填空题,计划维修指根据线路及其部件的变化规律、特点以及<--NRC-->状态，按周期对线路设备进行的全面检查，依据设备状态评价结果，对钢轨、道岔、钢轨伸缩调节器（以下简称调节器）、扣件、轨枕、道床、无缝线路及轨道几何形位等进行单项或多项修理，以恢复线路完好技术状态。,轮轨匹配
填空题,警冲标，设在两会合线路线间距离为<--NRC-->m的中间。,4
填空题,开工前，<--NRC-->应有针对性地对全体作业人员进行安全教育和技术交底，明确驻调度所（驻站）联络员和现场防护员。,作业负责人
填空题,裂纹贯通整个轨头截面或裂纹贯通整个轨底截面应判定为钢轨<--NRC-->。,折断
填空题,邻线来车时，现场防护人员应及时通知作业人员，机具、物料或人员不得在<--NRC-->放置或停留，并应与列车保持安全距离，物料应堆码放置牢固。,两线间
填空题,临时补修指对轨道几何不平顺超过<--NRC-->容许偏差管理值、轨道设备伤损或轮轨匹配状态不良的钢轨等影响其正常使用的处所进行的临时性修理，以保证行车安全和平稳。,临时补修
填空题,铝热焊焊缝距承轨台边缘不得小于<--NRC-->mm。,100
填空题,起道作业一股钢轨起道时，一次作业起道量不得超过<--NRC-->mm，否则应通知供电部门调查确认接触网设备调整工作量并配合作业。,7
填空题,桥上采用小阻力扣件时使用<--NRC-->型弹条。,X2
填空题,切轨机、打磨机、电焊机等机具操作人员应按规定穿戴<--NRC-->。,劳动保护用品
填空题,清除危石、危树、爆破作业有碍接触网及行车、人身安全时，应有<--NRC-->部门人员配合，先停电后作业。,供电
填空题,仅运行旅客列车的线路，曲线未被平衡过超高应不大于<--NRC-->mm。,70
填空题,仅运行旅客列车的线路，欠超高一般应不大于<--NRC-->mm，困难条件下不大于60mm。,40
填空题,确认列车由机务部门安排司机、车辆部门安排随车机械师担当乘务。<--NRC-->专业人员担当确认列车负责人。,工务
填空题,人员下道避车时，应<--NRC-->列车认真瞭望，防止车上的抛落、坠落物伤人。,面向
填空题,上道前和跨越线路时应严格遵守“一停、二看、三通过”和“<--NRC-->”的规定，严禁抢越。,手比、眼看、口呼
填空题,设备故障暂时不能修复的，设备管理单位应登记<--NRC-->和影响范围，并注明行车限制条件。,停用内容
填空题,设备管理单位发现和接到行车设备故障的通知后，应在<--NRC-->内登记停用内容和影响范围，并注明行车限制条件，经车站同意并签认后方可进行相关处置作业。,《行车设备检查登记簿》
填空题,设备管理单位人员发现行车设备故障时，应立即通知列车调度员（车站控制时为车站值班员），报告工长、车间主任或设备管理单位调度，并在<--NRC-->内登记，积极设法修复。,《行车设备检查登记簿》
填空题,施工维修防护的设置与撤除，由<--NRC-->决定。,施工负责人
填空题,使用氧乙炔切割设备时，操作人员必须按规定穿戴劳动防护用品，其他人员远离喷嘴前方，防止烧伤，乙炔不得靠近热源和电器设备，乙炔和明火的距离不得小于<--NRC-->。,10m
填空题,使用氧乙炔切割设备时，操作人员必须按规定穿戴劳动防护用品，其他人员远离喷嘴前方，防止烧伤，乙炔不得靠近热源和电器设备，乙炔与氧气瓶的距离不得小于<--NRC-->。,5m
填空题,天窗作业结束后，工务部门应派专业技术人员添乘<--NRC-->，对线路状态、周边环境进行检查确认。,确认列车
填空题,调节器几何尺寸检查周期为<--NRC-->一遍。,每月
填空题,铁路防护栅栏设备(含高速、普速场间隔离栅栏)管理和维护由<--NRC-->部门负责，车站围墙由车站负责管理。,工务
填空题,铁路工务、电务等部门因作业需要设置作业门时，按照“谁使用、谁申请、谁管理”的原则，由使用单位提出申请报集团公司栅栏设备管理部门批准，站区内还需经<--NRC-->部门批准，经与栅栏设备管理单位和属地铁路公安部门办理书面手续后方可设置。,车务
填空题,铁路轨道控制网(CPⅢ)由<--NRC-->部门负责管理。,工务
填空题,铁路行车组织工作，必须贯彻安全生产的方针，坚持<--NRC-->、统一领导的原则。,高度集中
填空题,铁路技术设备应保持完整良好状态。根据设备变化规律、<--NRC-->，安排设备检修。,季节特点
填空题,铁路线路<--NRC-->的范围，从铁路线路路堤坡脚、路堑坡顶或者铁路桥梁(含铁路、道路两用桥，下同)外侧起向外的距离。,安全保护区
填空题,铁路线路安全保护区的范围：城市市区高速铁路为<--NRC-->米，其他铁路为8米。,10
填空题,铁路线路两侧应设置围墙、栅栏、防护桩等安全防护设施，并按规定设立铁路线路<--NRC-->。,安全保护区
填空题,铁路信号分为<--NRC-->信号和听觉信号。,视觉
填空题,铁路用地应按地界线埋设<--NRC-->，其制作和埋设应符合有关标准。,地界桩
填空题,铁路职工发现危及行车和人身安全的情况时，应立即向开来列车发出停车信号，并迅速通知<--NRC-->。,就近车站
填空题,铁路职工违反规章制度，致使发生铁路运营安全事故，造成特别严重后果的，处以3年以上<--NRC-->以下有期徒刑。,7年
填空题,铁路职工违反规章制度，致使发生铁路运营安全事故，造成严重后果的，处以<--NRC-->以下的有期徒刑或者拘役。,3年
填空题,挖掘机、装载机、推土机等大型工程机械在铁路安全保护区内进行有碍行车安全的施工时，应按《铁路营业线施工安全管理办法》的有关规定办理<--NRC-->手续，并经电务、通信等部门确认电缆埋设位置，且派人现场配合，方准施工。,邻近营业线施工
填空题,为保证人身安全，除牵引供电专业人员按规定作业外，其他任何人员及所携带的物件，作业工器具等须与牵引供电设备高压带电部分保持<--NRC-->以上的距离。,2m
填空题,无缝线路同一区间单元轨节最高与最低锁定轨温之差不应大于<--NRC-->℃（长隧道除外）。,10
填空题,无缝线路相邻单元轨节之间锁定轨温之差不应大于<--NRC-->℃。,5
填空题,无缝线路应力放散放行列车第一列限速<--NRC-->km/h。,45
填空题,无缝线路左右股钢轨锁定轨温之差，允许速度160km/h以上线路不应大于<--NRC-->℃。,3
填空题,无缝线路作业轨温在实际锁定轨温<--NRC-->℃以上时禁止作业。,20
填空题,无缝线路作业应严格执行“作业前、作业中、作业后<--NRC-->”制度。,测量轨温
填空题,高速铁路无砟轨道分<--NRC-->、CRTSⅡ型板式、CRTSⅢ板式、双块式以及道岔区轨枕埋入式和板式无砟道床等。,CRTSⅠ型板式
填空题,高速铁路无砟轨道分为CRTSⅠ型板式、<--NRC-->、CRTSⅢ板式、双块式以及道岔区轨枕埋入式和板式无砟道床等。,CRTSⅡ型板式
填空题,无砟道床静态检查<--NRC-->检查1遍。,每年
填空题,无砟道床静态检查对未处理的Ⅱ级伤损处所<--NRC-->检查1遍。,每季度
填空题,无砟道床伤损等级分为<--NRC-->级。,Ⅰ、Ⅱ
填空题,扣件系统状态、部件缺损等<--NRC-->检查一遍。,每半年
填空题,现场防护人员应佩戴标志，携带通信设备，还应携带必备的<--NRC-->，随时观察施工现场和列车运行情况。,防护用品
填空题,线路（含道岔及调节器范围）动态不平顺Ⅰ级偏差为<--NRC-->标准。,日常保持
填空题,线路（含道岔及调节器范围）动态不平顺Ⅱ级偏差为<--NRC-->标准。,计划维修
填空题,线路（含道岔及调节器范围）动态不平顺Ⅲ级偏差为<--NRC-->标准。,临时补修
填空题,线路（含道岔及调节器范围）动态不平顺Ⅳ级偏差为<--NRC-->标准。,限速
填空题,线路（含道岔及调节器范围）动态不平顺偏差等级划分<--NRC-->。,四级
填空题,线路、桥隧、信号、通信、接触网及其他行车设备的施工，力争开通后<--NRC-->行车速度。维修作业开始前不限速，结束后须达到正常放行列车条件。,不降低
填空题,线路、信号标志应设在其内侧距线路中心不小于<--NRC-->m处（警冲标除外）。,3.1
填空题,线路设备状态评定应以<--NRC-->为单位。,千米
填空题,线路设备状态评定应以千米为单位，60分以下为<--NRC-->。,一般
填空题,超高最大值：客货共线铁路不得超过<--NRC-->mm。,150
填空题,线路备用轨料应存放在车站、综合维修车间和<--NRC-->。,工区
填空题,线路动态不平顺Ⅰ级偏差每处扣<--NRC-->分。,1
填空题,线路动态不平顺Ⅱ级偏差每处扣<--NRC-->分。,5
填空题,线路动态不平顺Ⅲ级偏差每处扣<--NRC-->分。,100
填空题,线路动态不平顺Ⅳ级偏差每处扣<--NRC-->分。,301
填空题,线路动态不平顺管理分为局部峰值管理和单元<--NRC-->管理。,均值
填空题,"线路检查应坚持""动态检查为主，<--NRC-->检查相结合，结构检查与几何尺寸检查并重""的原则。",动、静态
填空题,线路上临时插入的短轨，不得短于6m，不得连续插入，且必须尽快焊复。临时插入短轨的线路允许速度不得大于<--NRC-->km/h。,160
填空题,线路维修工作分为<--NRC-->和临时补修。,计划维修
填空题,线路应全封闭、全立交，线路两侧按标准进行栅栏封闭，对铁路技术作业的专用通道和处所，须设置<--NRC-->的警示标志。,非铁路作业人员禁止进入
填空题,线路允许速度<--NRC-->km/h及其以上区段，小车仅限在天窗内使用，禁止利用列车间隔使用小车。,160
填空题,新建工程竣工后，应按规定进行<--NRC-->，并进行安全评估。,验收
填空题,新设备(包括改造后的设备)投入使用前须有操作规程、竣工图纸等技术文件和保证安全生产的办法和<--NRC-->。,管理细则
填空题,休息时严禁坐在<--NRC-->、轨枕头及道床边坡上。,钢轨
填空题,因施工作业需要临时拆除防护栅栏时，施工单位必须与防护栅栏<--NRC-->签订安全协议，并经铁路局防护栅栏设备管理部门批准，报属地铁路公安部门备案。,设备管理单位
填空题,因新建、改建工程等发生行车设备变化时，施工单位应在设备开通前<--NRC-->向设备管理单位、使用单位、集团公司业务处提供相关技术资料。,30天
填空题,应采用巡检设备检查与<--NRC-->巡检相结合的方式对钢轨外观及表面伤损进行检查。,人工
填空题,用切割机切割钢轨时，其他人员应远离锯轨机<--NRC-->和前方，防止锯片碎裂伤人。,两侧
填空题,有发生塌方、落石、断道等自然灾害的防洪重点处所，在每年防洪、防台期前由<--NRC-->公布。,集团公司
填空题,有砟轨道区段道砟面积雪厚度<--NRC-->mm以上时，限速160km/h及以下。,50
填空题,遇有暴风雨雪天气或地震，工务、电务、供电等设备管理单位应加强对重点地段和设备的检查，在天窗时间外，检查人员不得进入<--NRC-->范围内，必要时应封锁或限速，并做好防护后再检查。,路肩和桥面
填空题,遇有降雨天气，重点防洪区段1h降雨量达到60mm及以上时，列车限速<--NRC-->km/h。,45
填空题,遇有降雨天气，重点防洪区段当1h降雨量降至<--NRC-->mm及以下、且持续30min以上时，可逐步解除限速。,20
填空题,遇有降雨天气，重点防洪地段1h降雨量达到45mm及以上时，列车限速<--NRC-->km/h。,120
填空题,运营速度为250km/h及以下铁路，如确需采取V形天窗，V形天窗时段邻线限速不超过<--NRC-->km/h。,160
填空题,在地面<--NRC-->以上的高处及陡坡上作业，必须戴好安全帽、系好安全带或安全绳。,2m
填空题,在电气化铁路线路上作业，应遵守下列规定：拨道作业桥梁上一侧拨道量年累计不得大于<--NRC-->mm。,60
填空题,在电气化铁路线路上作业，应遵守下列规定：拨道作业桥梁上一侧拨道量年累计不得大于60mm，且应满足线路中心与桥梁中心的偏差不得大于<--NRC-->mm。,50
填空题,在电气化铁路线路上作业，应遵守下列规定：拨道作业线路中心位移一侧拨道量年度累计不得大于<--NRC-->mm，并不得侵入限界。,120
填空题,在电气化铁路线路上作业，应遵守下列规定：拨道作业线路中心位移一次不得超过<--NRC-->mm，并不得侵入限界。,30
填空题,在电气化铁路线路上作业，应遵守下列规定：起道作业两股钢轨同时起道时，一次作业起道量不得超过<--NRC-->mm，且两股钢轨起道量相差不得超过7mm。,30
填空题,在电气化铁路线路上作业，应遵守下列规定：起道作业起道量超出规定时，应事先通知<--NRC-->部门调查确认接触网设备调整工作量并配合作业。,供电
填空题,在电气化铁路线路上作业，应遵守下列规定：起道作业一股钢轨起道时，一次作业起道量不得超过<--NRC-->mm。,7
填空题,在距接触网带电部分2~4m的建筑物上施工时，接触网可不停电，但应加强监护，确保人员机具材料等与接触网带电部分的距离不小于<--NRC-->。,2m
填空题,在可能带电部位，应有“高压危险”、“<--NRC-->”的明显标志和防护措施。,禁止攀登
填空题,在区间维修时，现场防护人员应站在维修地点附近，且<--NRC-->的地点进行防护，在天窗内作业时，显示停车手信号。,瞭望条件较好
填空题,辙岔号为18号的分动外锁闭道岔密贴尖轨紧固器、斥离尖轨限位器、可动心轨紧固器配置数量分别为<--NRC-->。,2、2、1
填空题,正线道岔的直向通过速度不应小于路段<--NRC-->。,设计行车速度
填空题,正线18号道岔对向设置，有列车同时通过两侧线时，道岔间直线段长度一般条件下不应小于<--NRC-->m。,50
填空题,正线作业人员避车应遵守以下规定距钢轨头部外侧不小于<--NRC-->m。,2
填空题,正线作业人员下道避车，距钢轨头部外侧不小于<--NRC-->。,2m
填空题,直线桥梁自线路中心至作业通道栏杆内侧的净距：200km/h以上铁路无砟轨道桥面应不小于3.45m，有砟轨道桥面应不小于3.75m；200km/h及以下铁路应不小于3.25m。作业通道宽度应不小于<--NRC-->m。,0.8
填空题,正线18号道岔对向设置，有列车同时通过两侧线时，道岔间直线段长度困难条件下不应小于<--NRC-->m。,32
填空题,驻调度所(驻站)联络员应与现场防护人员保持联系，如<--NRC-->，现场防护人员应立即通知施工负责人停止作业。,联系中断
填空题,总磨耗等于垂直磨耗加上<--NRC-->侧面磨耗。,1/2
填空题,作业必须在符合规定的作业负责人领导下进行。作业负责人应根据人员、<--NRC-->、天气等情况，具体布置安全事项。,作业项目
填空题,作业地段放行列车时，轨道静态几何尺寸偏差不得超过下次天窗点前最高行车速度等级的<--NRC-->容许偏差管理值，工务设备状态符合有关规定。,计划维修
填空题,作业门应加锁并由铁路局统一编号，在外侧设置<--NRC-->警示标志及信息牌。,非铁路作业人员禁止进入
填空题,作业前，<--NRC-->应按批准的作业计划或作业方案做好各项准备工作，核对调度命令，并组织对人员、工机具、材料等逐一进行清点并做好记录。,作业负责人
填空题,作业前，作业负责人和<--NRC-->应对机具进行检查，机具状态不良或安全附件失效的机具严禁上道使用。,机具使用人员
填空题,道岔区轨枕埋入式无砟道床，底座或支承层不得有<--NRC-->贯通裂缝。,竖向
填空题,设计速度350km/h线路，竖曲线与平面圆曲线重叠设置的平面最小圆曲线半径为<--NRC-->。,6000
填空题,CN系列道岔基本轨设<--NRC-->轨底坡,01:40:00
填空题,道岔滑床台与基板脱焊及台面磨耗情况需每月检查<--NRC-->遍,1
填空题,岔后到发线连接曲线半径不应小于该道岔导曲线半径，超高不应大于<--NRC--> mm。,15
填空题,弹条IV型扣件系统轨距调整量：－8～＋<--NRC-->mm，通过更换不同号码的绝缘轨距块实现轨距和轨向的调整。,4
填空题,线路检查时，检查高低时，使用不长于<--NRC-->的短弦线拉高低,10m
填空题,钢轨打磨车作业时，最高速度不得超过<--NRC-->km/h。,20
填空题,线路动态评定标准每千米线路总扣分在50分及以内应评为<--NRC-->,优秀
填空题,高速铁路正线、到发线应采用60kg/m<--NRC-->新钢轨；其他站线宜铺设50kg/m钢轨。,无螺栓孔
填空题,高速铁路60kg/m钢轨标准轨高是<--NRC-->mm。,176
填空题,道岔支距采用<--NRC-->进行检查。,支距尺
填空题,路基地段道床结构由道岔板、底座（自密实混凝土层）及<--NRC-->等部分组成。,找平层
填空题,单向调节器应加强尖轨及其后<--NRC-->～100m范围内钢轨锁定，双向调节器应加强尖轨范围锁定。,50m
填空题,对于纵向连续的道床板和支承层混凝土裂缝伤损，一般采用<--NRC-->进行修补，严禁在冬季进行注浆修补作业,表面封闭法
填空题,焊接接头低塌0.2mm判为<--NRC-->。,正常
填空题,焊接接头低塌0.4mm判为<--NRC-->,轻伤
填空题,焊接接头低塌0.5mm判为<--NRC-->。,重伤
填空题,左右股单元轨节锁定焊接头相错量不宜超过<--NRC-->。,100mm
填空题,铝热焊焊缝距承轨台边缘不得小于<--NRC-->。,100mm
填空题,列车通过速度大于80 km/h时，站台边缘距线路中心线的距离为<--NRC-->mm,1800
填空题,扣件安装状态、部件缺损等每半年检查<--NRC-->遍,1
填空题,WJ-7型扣件弹条分为两种，其中桥上采用小阻力扣件时使用<--NRC-->型弹条。,X2
填空题,我国自主研发的客专系列18号道岔侧向容许通过速度为<--NRC-->km/h？,80
填空题,我国自主研发的客专系列42号道岔侧向容许通过速度为<--NRC-->km/h？,160
填空题,捣固车一次起道量不宜超过<--NRC-->mm,40
填空题,高速铁路60kg/m钢轨轨底宽度为<--NRC-->mm。,150
填空题, 客专线系列无缝道岔尖轨尖端允许伸缩位移为±<--NRC-->mm，超过允许值应分析原因，并及时调整。,40
填空题,客专线系列无缝道岔尖轨可动心轨尖端允许伸缩位移为±<--NRC-->mm，超过允许值应分析原因，并及时调整。,20
填空题,道岔区曲股方向不良时，应在直股方向符合要求的基础上，通过控制<--NRC-->的方法进行调整。,支距
填空题,道岔检修应严格执行工务、<--NRC-->联合作业制度。,电务
填空题,无砟道床维修作业包括<--NRC-->和道床结构损坏修复作业,无砟道床伤损修补
填空题,对于纵向连续的道床板和支承层混凝土裂缝伤损，一般采用表面封闭法进行修补，严禁在<--NRC-->进行注浆修补作业,冬季
填空题,定期观测并分析基本伸缩量、<--NRC-->位置与气温关系，发现伸缩故障应及时消除。,焊缝
填空题,正线是指连接车站并贯穿或<--NRC-->伸入车站的线路。,直股
填空题,当钢轨折断断缝不大于<--NRC-->时，可进行紧急处理。,30mm
填空题,高速铁路60kg/m钢轨轨腰厚度为<--NRC-->mm。,16.5
填空题,上海局集团公司规定的施工邻线限速标准中，高速铁路（含高速铁路线路名称起讫点范围内按普速铁路管理的区段）限速（）km/h。,80
填空题,线路动态不平顺是指线路不平顺的动态反映，主要通过<--NRC-->进行检测,综合检测列车
填空题,"<--NRC-->负责开启和关闭操纵端司机室后车厢站台侧门, 供添乘人员上下车。",随车机械师
填空题,有砟地段线路车间管辖线路长度以营业里程<--NRC-->左右为宜。,100km
填空题,调节器所有螺栓扭矩应达到<--NRC-->要求。,设计
